EVENTS,FrameTime,GameThreadTime,RenderThreadTime,GPUTime,RHIThreadTime,RHI/DrawCalls,PhysicalUsedMB,MemoryFreeMB,VirtualUsedMB,ActorCount/TotalActorCount
,7.0000,4.2000,3.5000,5.6000,2.1000,150,1000.00,19000.00,1300.00,25
,5.0000,3.0000,2.5000,4.0000,1.5000,150,1000.05,18999.95,1300.05,25
,5.0000,3.0000,2.5000,4.0000,1.5000,150,1000.08,18999.92,1300.08,25
,5.0000,3.0000,2.5000,4.0000,1.5000,150,1000.11,18999.89,1300.11,25
,5.0000,3.0000,2.5000,4.0000,1.5000,150,1000.15,18999.85,1300.15,25
,5.0000,3.0000,2.5000,4.0000,1.5000,150,1000.18,18999.82,1300.18,25
,5.0000,3.0000,2.5000,4.0000,1.5000,150,1000.21,18999.79,1300.21,25
,5.0000,3.0000,2.5000,4.0000,1.5000,150,1000.25,18999.75,1300.25,25
,5.0000,3.0000,2.5000,4.0000,1.5000,150,1000.28,18999.72,1300.28,25
,5.0000,3.0000,2.5000,4.0000,1.5000,150,1000.31,18999.69,1300.31,25
,7.0000,4.2000,3.5000,5.6000,2.1000,150,1000.35,18999.65,1300.35,25
,5.0000,3.0000,2.5000,4.0000,1.5000,150,1000.39,18999.61,1300.39,25
,5.0000,3.0000,2.5000,4.0000,1.5000,150,1000.43,18999.57,1300.43,25
,5.0000,3.0000,2.5000,4.0000,1.5000,150,1000.46,18999.54,1300.46,25
,5.0000,3.0000,2.5000,4.0000,1.5000,150,1000.49,18999.51,1300.49,25
,5.0000,3.0000,2.5000,4.0000,1.5000,150,1000.53,18999.47,1300.53,25
,5.0000,3.0000,2.5000,4.0000,1.5000,150,1000.56,18999.44,1300.56,25
,5.0000,3.0000,2.5000,4.0000,1.5000,150,1000.59,18999.41,1300.59,25
,5.0000,3.0000,2.5000,4.0000,1.5000,150,1000.63,18999.37,1300.63,25
,5.0000,3.0000,2.5000,4.0000,1.5000,150,1000.66,18999.34,1300.66,25
,7.0000,4.2000,3.5000,5.6000,2.1000,150,1000.69,18999.31,1300.69,25
,5.0000,3.0000,2.5000,4.0000,1.5000,150,1000.74,18999.26,1300.74,25
,5.0000,3.0000,2.5000,4.0000,1.5000,150,1000.77,18999.23,1300.77,25
,5.0000,3.0000,2.5000,4.0000,1.5000,150,1000.81,18999.19,1300.81,25
,5.0000,3.0000,2.5000,4.0000,1.5000,150,1000.84,18999.16,1300.84,25
,5.0000,3.0000,2.5000,4.0000,1.5000,150,1000.87,18999.13,1300.87,25
,5.0000,3.0000,2.5000,4.0000,1.5000,150,1000.91,18999.09,1300.91,25
,5.0000,3.0000,2.5000,4.0000,1.5000,150,1000.94,18999.06,1300.94,25
,5.0000,3.0000,2.5000,4.0000,1.5000,150,1000.97,18999.03,1300.97,25
,5.0000,3.0000,2.5000,4.0000,1.5000,150,1001.01,18998.99,1301.01,25
,7.0000,4.2000,3.5000,5.6000,2.1000,150,1001.04,18998.96,1301.04,25
,5.0000,3.0000,2.5000,4.0000,1.5000,150,1001.09,18998.91,1301.09,25
,5.0000,3.0000,2.5000,4.0000,1.5000,150,1001.12,18998.88,1301.12,25
,5.0000,3.0000,2.5000,4.0000,1.5000,150,1001.15,18998.85,1301.15,25
,5.0000,3.0000,2.5000,4.0000,1.5000,150,1001.19,18998.81,1301.19,25
,5.0000,3.0000,2.5000,4.0000,1.5000,150,1001.22,18998.78,1301.22,25
,5.0000,3.0000,2.5000,4.0000,1.5000,150,1001.25,18998.75,1301.25,25
,5.0000,3.0000,2.5000,4.0000,1.5000,150,1001.29,18998.71,1301.29,25
,5.0000,3.0000,2.5000,4.0000,1.5000,150,1001.32,18998.68,1301.32,25
,50.0000,30.0000,48.5000,40.0000,15.0000,150,1001.35,18998.65,1301.35,25
,7.0000,4.2000,3.5000,5.6000,2.1000,150,1001.69,18998.31,1301.69,25
,5.0000,3.0000,2.5000,4.0000,1.5000,150,1001.73,18998.27,1301.73,25
,5.0000,3.0000,2.5000,4.0000,1.5000,150,1001.77,18998.23,1301.77,25
,5.0000,3.0000,2.5000,4.0000,1.5000,150,1001.80,18998.20,1301.80,25
,5.0000,3.0000,2.5000,4.0000,1.5000,150,1001.83,18998.17,1301.83,25
,5.0000,3.0000,2.5000,4.0000,1.5000,150,1001.87,18998.13,1301.87,25
,5.0000,3.0000,2.5000,4.0000,1.5000,150,1001.90,18998.10,1301.90,25
,5.0000,3.0000,2.5000,4.0000,1.5000,150,1001.93,18998.07,1301.93,25
,5.0000,3.0000,2.5000,4.0000,1.5000,150,1001.97,18998.03,1301.97,25
,5.0000,3.0000,2.5000,4.0000,1.5000,150,1002.00,18998.00,1302.00,25
,7.0000,4.2000,3.5000,5.6000,2.1000,150,1002.03,18997.97,1302.03,25
,5.0000,3.0000,2.5000,4.0000,1.5000,150,1002.08,18997.92,1302.08,25
,5.0000,3.0000,2.5000,4.0000,1.5000,150,1002.11,18997.89,1302.11,25
,5.0000,3.0000,2.5000,4.0000,1.5000,150,1002.15,18997.85,1302.15,25
,5.0000,3.0000,2.5000,4.0000,1.5000,150,1002.18,18997.82,1302.18,25
,5.0000,3.0000,2.5000,4.0000,1.5000,150,1002.21,18997.79,1302.21,25
,5.0000,3.0000,2.5000,4.0000,1.5000,150,1002.25,18997.75,1302.25,25
,5.0000,3.0000,2.5000,4.0000,1.5000,150,1002.28,18997.72,1302.28,25
,5.0000,3.0000,2.5000,4.0000,1.5000,150,1002.31,18997.69,1302.31,25
,5.0000,3.0000,2.5000,4.0000,1.5000,150,1002.35,18997.65,1302.35,25
,7.0000,4.2000,3.5000,5.6000,2.1000,150,1002.38,18997.62,1302.38,25
,5.0000,3.0000,2.5000,4.0000,1.5000,150,1002.43,18997.57,1302.43,25
,5.0000,3.0000,2.5000,4.0000,1.5000,150,1002.46,18997.54,1302.46,25
,5.0000,3.0000,2.5000,4.0000,1.5000,150,1002.49,18997.51,1302.49,25
,5.0000,3.0000,2.5000,4.0000,1.5000,150,1002.53,18997.47,1302.53,25
,5.0000,3.0000,2.5000,4.0000,1.5000,150,1002.56,18997.44,1302.56,25
,5.0000,3.0000,2.5000,4.0000,1.5000,150,1002.59,18997.41,1302.59,25
,5.0000,3.0000,2.5000,4.0000,1.5000,150,1002.63,18997.37,1302.63,25
,5.0000,3.0000,2.5000,4.0000,1.5000,150,1002.66,18997.34,1302.66,25
,5.0000,3.0000,2.5000,4.0000,1.5000,150,1002.69,18997.31,1302.69,25
,7.0000,4.2000,3.5000,5.6000,2.1000,150,1002.73,18997.27,1302.73,25
,5.0000,3.0000,2.5000,4.0000,1.5000,150,1002.77,18997.23,1302.77,25
,5.0000,3.0000,2.5000,4.0000,1.5000,150,1002.81,18997.19,1302.81,25
,5.0000,3.0000,2.5000,4.0000,1.5000,150,1002.84,18997.16,1302.84,25
,5.0000,3.0000,2.5000,4.0000,1.5000,150,1002.87,18997.13,1302.87,25
,5.0000,3.0000,2.5000,4.0000,1.5000,150,1002.91,18997.09,1302.91,25
,5.0000,3.0000,2.5000,4.0000,1.5000,150,1002.94,18997.06,1302.94,25
,5.0000,3.0000,2.5000,4.0000,1.5000,150,1002.97,18997.03,1302.97,25
,5.0000,3.0000,2.5000,4.0000,1.5000,150,1003.01,18996.99,1303.01,25
,5.0000,3.0000,2.5000,4.0000,1.5000,150,1003.04,18996.96,1303.04,25
,7.0000,4.2000,3.5000,5.6000,2.1000,150,1003.07,18996.93,1303.07,25
,5.0000,3.0000,2.5000,4.0000,1.5000,150,1003.12,18996.88,1303.12,25
,5.0000,3.0000,2.5000,4.0000,1.5000,150,1003.15,18996.85,1303.15,25
,5.0000,3.0000,2.5000,4.0000,1.5000,150,1003.19,18996.81,1303.19,25
,5.0000,3.0000,2.5000,4.0000,1.5000,150,1003.22,18996.78,1303.22,25
,5.0000,3.0000,2.5000,4.0000,1.5000,150,1003.25,18996.75,1303.25,25
,5.0000,3.0000,2.5000,4.0000,1.5000,150,1003.29,18996.71,1303.29,25
,5.0000,3.0000,2.5000,4.0000,1.5000,150,1003.32,18996.68,1303.32,25
,5.0000,3.0000,2.5000,4.0000,1.5000,150,1003.35,18996.65,1303.35,25
,5.0000,3.0000,2.5000,4.0000,1.5000,150,1003.39,18996.61,1303.39,25
,7.0000,4.2000,3.5000,5.6000,2.1000,150,1003.42,18996.58,1303.42,25
,5.0000,3.0000,2.5000,4.0000,1.5000,150,1003.47,18996.53,1303.47,25
,5.0000,3.0000,2.5000,4.0000,1.5000,150,1003.50,18996.50,1303.50,25
,5.0000,3.0000,2.5000,4.0000,1.5000,150,1003.53,18996.47,1303.53,25
,5.0000,3.0000,2.5000,4.0000,1.5000,150,1003.57,18996.43,1303.57,25
,5.0000,3.0000,2.5000,4.0000,1.5000,150,1003.60,18996.40,1303.60,25
,5.0000,3.0000,2.5000,4.0000,1.5000,150,1003.63,18996.37,1303.63,25
,5.0000,3.0000,2.5000,4.0000,1.5000,150,1003.67,18996.33,1303.67,25
,5.0000,3.0000,2.5000,4.0000,1.5000,150,1003.70,18996.30,1303.70,25
,5.0000,3.0000,2.5000,4.0000,1.5000,150,1003.73,18996.27,1303.73,25
,7.0000,4.2000,3.5000,5.6000,2.1000,150,1003.77,18996.23,1303.77,25,0
,5.0000,3.0000,2.5000,4.0000,1.5000,150,1003.81,18996.19,1303.81,25,0
,5.0000,3.0000,2.5000,4.0000,1.5000,150,1003.85,18996.15,1303.85,25,0
,5.0000,3.0000,2.5000,4.0000,1.5000,150,1003.88,18996.12,1303.88,25,0
,5.0000,3.0000,2.5000,4.0000,1.5000,150,1003.91,18996.09,1303.91,25,0
,5.0000,3.0000,2.5000,4.0000,1.5000,150,1003.95,18996.05,1303.95,25,0
,5.0000,3.0000,2.5000,4.0000,1.5000,150,1003.98,18996.02,1303.98,25,0
,5.0000,3.0000,2.5000,4.0000,1.5000,150,1004.01,18995.99,1304.01,25,0
,5.0000,3.0000,2.5000,4.0000,1.5000,150,1004.05,18995.95,1304.05,25,0
,5.0000,3.0000,2.5000,4.0000,1.5000,150,1004.08,18995.92,1304.08,25,0
,7.0000,4.2000,3.5000,5.6000,2.1000,150,1004.11,18995.89,1304.11,25,0
,5.0000,3.0000,2.5000,4.0000,1.5000,150,1004.16,18995.84,1304.16,25,0
,5.0000,3.0000,2.5000,4.0000,1.5000,150,1004.19,18995.81,1304.19,25,0
,5.0000,3.0000,2.5000,4.0000,1.5000,150,1004.23,18995.77,1304.23,25,0
,5.0000,3.0000,2.5000,4.0000,1.5000,150,1004.26,18995.74,1304.26,25,0
,5.0000,3.0000,2.5000,4.0000,1.5000,150,1004.29,18995.71,1304.29,25,0
,5.0000,3.0000,2.5000,4.0000,1.5000,150,1004.33,18995.67,1304.33,25,0
,5.0000,3.0000,2.5000,4.0000,1.5000,150,1004.36,18995.64,1304.36,25,0
,5.0000,3.0000,2.5000,4.0000,1.5000,150,1004.39,18995.61,1304.39,25,0
,5.0000,3.0000,2.5000,4.0000,1.5000,150,1004.43,18995.57,1304.43,25,0
,7.0000,4.2000,3.5000,5.6000,2.1000,150,1004.46,18995.54,1304.46,25,0
,5.0000,3.0000,2.5000,4.0000,1.5000,150,1004.51,18995.49,1304.51,25,0
,5.0000,3.0000,2.5000,4.0000,1.5000,150,1004.54,18995.46,1304.54,25,0
,5.0000,3.0000,2.5000,4.0000,1.5000,150,1004.57,18995.43,1304.57,25,0
,5.0000,3.0000,2.5000,4.0000,1.5000,150,1004.61,18995.39,1304.61,25,0
,5.0000,3.0000,2.5000,4.0000,1.5000,150,1004.64,18995.36,1304.64,25,0
,5.0000,3.0000,2.5000,4.0000,1.5000,150,1004.67,18995.33,1304.67,25,0
,5.0000,3.0000,2.5000,4.0000,1.5000,150,1004.71,18995.29,1304.71,25,0
,5.0000,3.0000,2.5000,4.0000,1.5000,150,1004.74,18995.26,1304.74,25,0
,5.0000,3.0000,2.5000,4.0000,1.5000,150,1004.77,18995.23,1304.77,25,0
,7.0000,4.2000,3.5000,5.6000,2.1000,150,1004.81,18995.19,1304.81,25,0
,5.0000,3.0000,2.5000,4.0000,1.5000,150,1004.85,18995.15,1304.85,25,0
,5.0000,3.0000,2.5000,4.0000,1.5000,150,1004.89,18995.11,1304.89,25,0
,5.0000,3.0000,2.5000,4.0000,1.5000,150,1004.92,18995.08,1304.92,25,0
,5.0000,3.0000,2.5000,4.0000,1.5000,150,1004.95,18995.05,1304.95,25,0
,5.0000,3.0000,2.5000,4.0000,1.5000,150,1004.99,18995.01,1304.99,25,0
,5.0000,3.0000,2.5000,4.0000,1.5000,150,1005.02,18994.98,1305.02,25,0
,5.0000,3.0000,2.5000,4.0000,1.5000,150,1005.05,18994.95,1305.05,25,0
,5.0000,3.0000,2.5000,4.0000,1.5000,150,1005.09,18994.91,1305.09,25,0
,5.0000,3.0000,2.5000,4.0000,1.5000,150,1005.12,18994.88,1305.12,25,0
,7.0000,4.2000,3.5000,5.6000,2.1000,150,1005.15,18994.85,1305.15,25,0
,5.0000,3.0000,2.5000,4.0000,1.5000,150,1005.20,18994.80,1305.20,25,0
,5.0000,3.0000,2.5000,4.0000,1.5000,150,1005.23,18994.77,1305.23,25,0
,5.0000,3.0000,2.5000,4.0000,1.5000,150,1005.27,18994.73,1305.27,25,0
,5.0000,3.0000,2.5000,4.0000,1.5000,150,1005.30,18994.70,1305.30,25,0
,5.0000,3.0000,2.5000,4.0000,1.5000,150,1005.33,18994.67,1305.33,25,0
,5.0000,3.0000,2.5000,4.0000,1.5000,150,1005.37,18994.63,1305.37,25,0
,5.0000,3.0000,2.5000,4.0000,1.5000,150,1005.40,18994.60,1305.40,25,0
,5.0000,3.0000,2.5000,4.0000,1.5000,150,1005.43,18994.57,1305.43,25,0
,5.0000,3.0000,2.5000,4.0000,1.5000,150,1005.47,18994.53,1305.47,25,0
,7.0000,4.2000,3.5000,5.6000,2.1000,150,1005.50,18994.50,1305.50,25,0
,5.0000,3.0000,2.5000,4.0000,1.5000,150,1005.55,18994.45,1305.55,25,0
,5.0000,3.0000,2.5000,4.0000,1.5000,150,1005.58,18994.42,1305.58,25,0
,5.0000,3.0000,2.5000,4.0000,1.5000,150,1005.61,18994.39,1305.61,25,0
,5.0000,3.0000,2.5000,4.0000,1.5000,150,1005.65,18994.35,1305.65,25,0
,5.0000,3.0000,2.5000,4.0000,1.5000,150,1005.68,18994.32,1305.68,25,0
,5.0000,3.0000,2.5000,4.0000,1.5000,150,1005.71,18994.29,1305.71,25,0
,5.0000,3.0000,2.5000,4.0000,1.5000,150,1005.75,18994.25,1305.75,25,0
,5.0000,3.0000,2.5000,4.0000,1.5000,150,1005.78,18994.22,1305.78,25,0
,5.0000,3.0000,2.5000,4.0000,1.5000,150,1005.81,18994.19,1305.81,25,0
,7.0000,4.2000,3.5000,5.6000,2.1000,150,1005.85,18994.15,1305.85,25,0
,5.0000,3.0000,2.5000,4.0000,1.5000,150,1005.89,18994.11,1305.89,25,0
,5.0000,3.0000,2.5000,4.0000,1.5000,150,1005.93,18994.07,1305.93,25,0
,5.0000,3.0000,2.5000,4.0000,1.5000,150,1005.96,18994.04,1305.96,25,0
,5.0000,3.0000,2.5000,4.0000,1.5000,150,1005.99,18994.01,1305.99,25,0
,5.0000,3.0000,2.5000,4.0000,1.5000,150,1006.03,18993.97,1306.03,25,0
,5.0000,3.0000,2.5000,4.0000,1.5000,150,1006.06,18993.94,1306.06,25,0
,5.0000,3.0000,2.5000,4.0000,1.5000,150,1006.09,18993.91,1306.09,25,0
,5.0000,3.0000,2.5000,4.0000,1.5000,150,1006.13,18993.87,1306.13,25,0
,5.0000,3.0000,2.5000,4.0000,1.5000,150,1006.16,18993.84,1306.16,25,0
,7.0000,4.2000,3.5000,5.6000,2.1000,150,1006.19,18993.81,1306.19,25,0
,5.0000,3.0000,2.5000,4.0000,1.5000,150,1006.24,18993.76,1306.24,25,0
,5.0000,3.0000,2.5000,4.0000,1.5000,150,1006.27,18993.73,1306.27,25,0
,5.0000,3.0000,2.5000,4.0000,1.5000,150,1006.31,18993.69,1306.31,25,0
,5.0000,3.0000,2.5000,4.0000,1.5000,150,1006.34,18993.66,1306.34,25,0
,5.0000,3.0000,2.5000,4.0000,1.5000,150,1006.37,18993.63,1306.37,25,0
,5.0000,3.0000,2.5000,4.0000,1.5000,150,1006.41,18993.59,1306.41,25,0
,5.0000,3.0000,2.5000,4.0000,1.5000,150,1006.44,18993.56,1306.44,25,0
,5.0000,3.0000,2.5000,4.0000,1.5000,150,1006.47,18993.53,1306.47,25,0
,5.0000,3.0000,2.5000,4.0000,1.5000,150,1006.51,18993.49,1306.51,25,0
,7.0000,4.2000,3.5000,5.6000,2.1000,150,1006.54,18993.46,1306.54,25,0
,5.0000,3.0000,2.5000,4.0000,1.5000,150,1006.59,18993.41,1306.59,25,0
,5.0000,3.0000,2.5000,4.0000,1.5000,150,1006.62,18993.38,1306.62,25,0
,5.0000,3.0000,2.5000,4.0000,1.5000,150,1006.65,18993.35,1306.65,25,0
,5.0000,3.0000,2.5000,4.0000,1.5000,150,1006.69,18993.31,1306.69,25,0
,5.0000,3.0000,2.5000,4.0000,1.5000,150,1006.72,18993.28,1306.72,25,0
,5.0000,3.0000,2.5000,4.0000,1.5000,150,1006.75,18993.25,1306.75,25,0
,5.0000,3.0000,2.5000,4.0000,1.5000,150,1006.79,18993.21,1306.79,25,0
,5.0000,3.0000,2.5000,4.0000,1.5000,150,1006.82,18993.18,1306.82,25,0
,5.0000,3.0000,2.5000,4.0000,1.5000,150,1006.85,18993.15,1306.85,25,0
,7.0000,4.2000,3.5000,5.6000,2.1000,150,1006.89,18993.11,1306.89,25,0
,5.0000,3.0000,2.5000,4.0000,1.5000,150,1006.93,18993.07,1306.93,25,0
,5.0000,3.0000,2.5000,4.0000,1.5000,150,1006.97,18993.03,1306.97,25,0
,5.0000,3.0000,2.5000,4.0000,1.5000,150,1007.00,18993.00,1307.00,25,0
,5.0000,3.0000,2.5000,4.0000,1.5000,150,1007.03,18992.97,1307.03,25,0
,5.0000,3.0000,2.5000,4.0000,1.5000,150,1007.07,18992.93,1307.07,25,0
,5.0000,3.0000,2.5000,4.0000,1.5000,150,1007.10,18992.90,1307.10,25,0
,5.0000,3.0000,2.5000,4.0000,1.5000,150,1007.13,18992.87,1307.13,25,0
,5.0000,3.0000,2.5000,4.0000,1.5000,150,1007.17,18992.83,1307.17,25,0
,5.0000,3.0000,2.5000,4.0000,1.5000,150,1007.20,18992.80,1307.20,25,0
,7.0000,4.2000,3.5000,5.6000,2.1000,150,1007.23,18992.77,1307.23,25,0
,5.0000,3.0000,2.5000,4.0000,1.5000,150,1007.28,18992.72,1307.28,25,0
,5.0000,3.0000,2.5000,4.0000,1.5000,150,1007.31,18992.69,1307.31,25,0
,5.0000,3.0000,2.5000,4.0000,1.5000,150,1007.35,18992.65,1307.35,25,0
,5.0000,3.0000,2.5000,4.0000,1.5000,150,1007.38,18992.62,1307.38,25,0
,5.0000,3.0000,2.5000,4.0000,1.5000,150,1007.41,18992.59,1307.41,25,0
,5.0000,3.0000,2.5000,4.0000,1.5000,150,1007.45,18992.55,1307.45,25,0
,5.0000,3.0000,2.5000,4.0000,1.5000,150,1007.48,18992.52,1307.48,25,0
,5.0000,3.0000,2.5000,4.0000,1.5000,150,1007.51,18992.49,1307.51,25,0
,5.0000,3.0000,2.5000,4.0000,1.5000,150,1007.55,18992.45,1307.55,25,0
,7.0000,4.2000,3.5000,5.6000,2.1000,150,1007.58,18992.42,1307.58,25,0
,5.0000,3.0000,2.5000,4.0000,1.5000,150,1007.63,18992.37,1307.63,25,0
,5.0000,3.0000,2.5000,4.0000,1.5000,150,1007.66,18992.34,1307.66,25,0
,5.0000,3.0000,2.5000,4.0000,1.5000,150,1007.69,18992.31,1307.69,25,0
,5.0000,3.0000,2.5000,4.0000,1.5000,150,1007.73,18992.27,1307.73,25,0
,5.0000,3.0000,2.5000,4.0000,1.5000,150,1007.76,18992.24,1307.76,25,0
,5.0000,3.0000,2.5000,4.0000,1.5000,150,1007.79,18992.21,1307.79,25,0
,5.0000,3.0000,2.5000,4.0000,1.5000,150,1007.83,18992.17,1307.83,25,0
,5.0000,3.0000,2.5000,4.0000,1.5000,150,1007.86,18992.14,1307.86,25,0
,5.0000,3.0000,2.5000,4.0000,1.5000,150,1007.89,18992.11,1307.89,25,0
,7.0000,4.2000,3.5000,5.6000,2.1000,150,1007.93,18992.07,1307.93,25,0
,5.0000,3.0000,2.5000,4.0000,1.5000,150,1007.97,18992.03,1307.97,25,0
,5.0000,3.0000,2.5000,4.0000,1.5000,150,1008.01,18991.99,1308.01,25,0
,5.0000,3.0000,2.5000,4.0000,1.5000,150,1008.04,18991.96,1308.04,25,0
,5.0000,3.0000,2.5000,4.0000,1.5000,150,1008.07,18991.93,1308.07,25,0
,5.0000,3.0000,2.5000,4.0000,1.5000,150,1008.11,18991.89,1308.11,25,0
,5.0000,3.0000,2.5000,4.0000,1.5000,150,1008.14,18991.86,1308.14,25,0
,5.0000,3.0000,2.5000,4.0000,1.5000,150,1008.17,18991.83,1308.17,25,0
,5.0000,3.0000,2.5000,4.0000,1.5000,150,1008.21,18991.79,1308.21,25,0
,5.0000,3.0000,2.5000,4.0000,1.5000,150,1008.24,18991.76,1308.24,25,0
,7.0000,4.2000,3.5000,5.6000,2.1000,150,1008.27,18991.73,1308.27,25,0
,5.0000,3.0000,2.5000,4.0000,1.5000,150,1008.32,18991.68,1308.32,25,0
,5.0000,3.0000,2.5000,4.0000,1.5000,150,1008.35,18991.65,1308.35,25,0
,5.0000,3.0000,2.5000,4.0000,1.5000,150,1008.39,18991.61,1308.39,25,0
,5.0000,3.0000,2.5000,4.0000,1.5000,150,1008.42,18991.58,1308.42,25,0
,5.0000,3.0000,2.5000,4.0000,1.5000,150,1008.45,18991.55,1308.45,25,0
,5.0000,3.0000,2.5000,4.0000,1.5000,150,1008.49,18991.51,1308.49,25,0
,5.0000,3.0000,2.5000,4.0000,1.5000,150,1008.52,18991.48,1308.52,25,0
,5.0000,3.0000,2.5000,4.0000,1.5000,150,1008.55,18991.45,1308.55,25,0
,5.0000,3.0000,2.5000,4.0000,1.5000,150,1008.59,18991.41,1308.59,25,0
,7.0000,4.2000,3.5000,5.6000,2.1000,150,1008.62,18991.38,1308.62,25,0
,5.0000,3.0000,2.5000,4.0000,1.5000,150,1008.67,18991.33,1308.67,25,0
,5.0000,3.0000,2.5000,4.0000,1.5000,150,1008.70,18991.30,1308.70,25,0
,5.0000,3.0000,2.5000,4.0000,1.5000,150,1008.73,18991.27,1308.73,25,0
,5.0000,3.0000,2.5000,4.0000,1.5000,150,1008.77,18991.23,1308.77,25,0
,5.0000,3.0000,2.5000,4.0000,1.5000,150,1008.80,18991.20,1308.80,25,0
,5.0000,3.0000,2.5000,4.0000,1.5000,150,1008.83,18991.17,1308.83,25,0
,5.0000,3.0000,2.5000,4.0000,1.5000,150,1008.87,18991.13,1308.87,25,0
,5.0000,3.0000,2.5000,4.0000,1.5000,150,1008.90,18991.10,1308.90,25,0
,5.0000,3.0000,2.5000,4.0000,1.5000,150,1008.93,18991.07,1308.93,25,0
,7.0000,4.2000,3.5000,5.6000,2.1000,150,1008.97,18991.03,1308.97,25,0
,5.0000,3.0000,2.5000,4.0000,1.5000,150,1009.01,18990.99,1309.01,25,0
,5.0000,3.0000,2.5000,4.0000,1.5000,150,1009.05,18990.95,1309.05,25,0
,5.0000,3.0000,2.5000,4.0000,1.5000,150,1009.08,18990.92,1309.08,25,0
,5.0000,3.0000,2.5000,4.0000,1.5000,150,1009.11,18990.89,1309.11,25,0
,5.0000,3.0000,2.5000,4.0000,1.5000,150,1009.15,18990.85,1309.15,25,0
,5.0000,3.0000,2.5000,4.0000,1.5000,150,1009.18,18990.82,1309.18,25,0
,5.0000,3.0000,2.5000,4.0000,1.5000,150,1009.21,18990.79,1309.21,25,0
,5.0000,3.0000,2.5000,4.0000,1.5000,150,1009.25,18990.75,1309.25,25,0
,5.0000,3.0000,2.5000,4.0000,1.5000,150,1009.28,18990.72,1309.28,25,0
,7.0000,4.2000,3.5000,5.6000,2.1000,150,1009.31,18990.69,1309.31,25,0
,5.0000,3.0000,2.5000,4.0000,1.5000,150,1009.36,18990.64,1309.36,25,0
,5.0000,3.0000,2.5000,4.0000,1.5000,150,1009.39,18990.61,1309.39,25,0
,5.0000,3.0000,2.5000,4.0000,1.5000,150,1009.43,18990.57,1309.43,25,0
,5.0000,3.0000,2.5000,4.0000,1.5000,150,1009.46,18990.54,1309.46,25,0
,5.0000,3.0000,2.5000,4.0000,1.5000,150,1009.49,18990.51,1309.49,25,0
,5.0000,3.0000,2.5000,4.0000,1.5000,150,1009.53,18990.47,1309.53,25,0
,5.0000,3.0000,2.5000,4.0000,1.5000,150,1009.56,18990.44,1309.56,25,0
,5.0000,3.0000,2.5000,4.0000,1.5000,150,1009.59,18990.41,1309.59,25,0
,5.0000,3.0000,2.5000,4.0000,1.5000,150,1009.63,18990.37,1309.63,25,0
,7.0000,4.2000,3.5000,5.6000,2.1000,150,1009.66,18990.34,1309.66,25,0
,5.0000,3.0000,2.5000,4.0000,1.5000,150,1009.71,18990.29,1309.71,25,0
,5.0000,3.0000,2.5000,4.0000,1.5000,150,1009.74,18990.26,1309.74,25,0
,5.0000,3.0000,2.5000,4.0000,1.5000,150,1009.77,18990.23,1309.77,25,0
,5.0000,3.0000,2.5000,4.0000,1.5000,150,1009.81,18990.19,1309.81,25,0
,5.0000,3.0000,2.5000,4.0000,1.5000,150,1009.84,18990.16,1309.84,25,0
,5.0000,3.0000,2.5000,4.0000,1.5000,150,1009.87,18990.13,1309.87,25,0
,5.0000,3.0000,2.5000,4.0000,1.5000,150,1009.91,18990.09,1309.91,25,0
,5.0000,3.0000,2.5000,4.0000,1.5000,150,1009.94,18990.06,1309.94,25,0
,5.0000,3.0000,2.5000,4.0000,1.5000,150,1009.97,18990.03,1309.97,25,0
,7.0000,4.2000,3.5000,5.6000,2.1000,150,1010.01,18989.99,1310.01,25,0
,5.0000,3.0000,2.5000,4.0000,1.5000,150,1010.05,18989.95,1310.05,25,0
,5.0000,3.0000,2.5000,4.0000,1.5000,150,1010.09,18989.91,1310.09,25,0
,5.0000,3.0000,2.5000,4.0000,1.5000,150,1010.12,18989.88,1310.12,25,0
,5.0000,3.0000,2.5000,4.0000,1.5000,150,1010.15,18989.85,1310.15,25,0
,5.0000,3.0000,2.5000,4.0000,1.5000,150,1010.19,18989.81,1310.19,25,0
,5.0000,3.0000,2.5000,4.0000,1.5000,150,1010.22,18989.78,1310.22,25,0
,5.0000,3.0000,2.5000,4.0000,1.5000,150,1010.25,18989.75,1310.25,25,0
,5.0000,3.0000,2.5000,4.0000,1.5000,150,1010.29,18989.71,1310.29,25,0
,5.0000,3.0000,2.5000,4.0000,1.5000,150,1010.32,18989.68,1310.32,25,0
,7.0000,4.2000,3.5000,5.6000,2.1000,150,1010.35,18989.65,1310.35,25,0
,5.0000,3.0000,2.5000,4.0000,1.5000,150,1010.40,18989.60,1310.40,25,0
,5.0000,3.0000,2.5000,4.0000,1.5000,150,1010.43,18989.57,1310.43,25,0
,5.0000,3.0000,2.5000,4.0000,1.5000,150,1010.47,18989.53,1310.47,25,0
,5.0000,3.0000,2.5000,4.0000,1.5000,150,1010.50,18989.50,1310.50,25,0
,5.0000,3.0000,2.5000,4.0000,1.5000,150,1010.53,18989.47,1310.53,25,0
,5.0000,3.0000,2.5000,4.0000,1.5000,150,1010.57,18989.43,1310.57,25,0
,5.0000,3.0000,2.5000,4.0000,1.5000,150,1010.60,18989.40,1310.60,25,0
,5.0000,3.0000,2.5000,4.0000,1.5000,150,1010.63,18989.37,1310.63,25,0
,5.0000,3.0000,2.5000,4.0000,1.5000,150,1010.67,18989.33,1310.67,25,0
,7.0000,4.2000,3.5000,5.6000,2.1000,150,1010.70,18989.30,1310.70,25,0
,5.0000,3.0000,2.5000,4.0000,1.5000,150,1010.75,18989.25,1310.75,25,0
,5.0000,3.0000,2.5000,4.0000,1.5000,150,1010.78,18989.22,1310.78,25,0
,5.0000,3.0000,2.5000,4.0000,1.5000,150,1010.81,18989.19,1310.81,25,0
,5.0000,3.0000,2.5000,4.0000,1.5000,150,1010.85,18989.15,1310.85,25,0
,5.0000,3.0000,2.5000,4.0000,1.5000,150,1010.88,18989.12,1310.88,25,0
,5.0000,3.0000,2.5000,4.0000,1.5000,150,1010.91,18989.09,1310.91,25,0
,5.0000,3.0000,2.5000,4.0000,1.5000,150,1010.95,18989.05,1310.95,25,0
,5.0000,3.0000,2.5000,4.0000,1.5000,150,1010.98,18989.02,1310.98,25,0
,5.0000,3.0000,2.5000,4.0000,1.5000,150,1011.01,18988.99,1311.01,25,0
,7.0000,4.2000,3.5000,5.6000,2.1000,150,1011.05,18988.95,1311.05,25,0
,5.0000,3.0000,2.5000,4.0000,1.5000,150,1011.09,18988.91,1311.09,25,0
,5.0000,3.0000,2.5000,4.0000,1.5000,150,1011.13,18988.87,1311.13,25,0
,5.0000,3.0000,2.5000,4.0000,1.5000,150,1011.16,18988.84,1311.16,25,0
,5.0000,3.0000,2.5000,4.0000,1.5000,150,1011.19,18988.81,1311.19,25,0
,5.0000,3.0000,2.5000,4.0000,1.5000,150,1011.23,18988.77,1311.23,25,0
,5.0000,3.0000,2.5000,4.0000,1.5000,150,1011.26,18988.74,1311.26,25,0
,5.0000,3.0000,2.5000,4.0000,1.5000,150,1011.29,18988.71,1311.29,25,0
,5.0000,3.0000,2.5000,4.0000,1.5000,150,1011.33,18988.67,1311.33,25,0
,5.0000,3.0000,2.5000,4.0000,1.5000,150,1011.36,18988.64,1311.36,25,0
,7.0000,4.2000,3.5000,5.6000,2.1000,150,1011.39,18988.61,1311.39,25,0
,5.0000,3.0000,2.5000,4.0000,1.5000,150,1011.44,18988.56,1311.44,25,0
,5.0000,3.0000,2.5000,4.0000,1.5000,150,1011.47,18988.53,1311.47,25,0
,5.0000,3.0000,2.5000,4.0000,1.5000,150,1011.51,18988.49,1311.51,25,0
,5.0000,3.0000,2.5000,4.0000,1.5000,150,1011.54,18988.46,1311.54,25,0
,5.0000,3.0000,2.5000,4.0000,1.5000,150,1011.57,18988.43,1311.57,25,0
,5.0000,3.0000,2.5000,4.0000,1.5000,150,1011.61,18988.39,1311.61,25,0
,5.0000,3.0000,2.5000,4.0000,1.5000,150,1011.64,18988.36,1311.64,25,0
,5.0000,3.0000,2.5000,4.0000,1.5000,150,1011.67,18988.33,1311.67,25,0
,5.0000,3.0000,2.5000,4.0000,1.5000,150,1011.71,18988.29,1311.71,25,0
,7.0000,4.2000,3.5000,5.6000,2.1000,150,1011.74,18988.26,1311.74,25,0
,5.0000,3.0000,2.5000,4.0000,1.5000,150,1011.79,18988.21,1311.79,25,0
,5.0000,3.0000,2.5000,4.0000,1.5000,150,1011.82,18988.18,1311.82,25,0
,5.0000,3.0000,2.5000,4.0000,1.5000,150,1011.85,18988.15,1311.85,25,0
,5.0000,3.0000,2.5000,4.0000,1.5000,150,1011.89,18988.11,1311.89,25,0
,5.0000,3.0000,2.5000,4.0000,1.5000,150,1011.92,18988.08,1311.92,25,0
,5.0000,3.0000,2.5000,4.0000,1.5000,150,1011.95,18988.05,1311.95,25,0
,5.0000,3.0000,2.5000,4.0000,1.5000,150,1011.99,18988.01,1311.99,25,0
,5.0000,3.0000,2.5000,4.0000,1.5000,150,1012.02,18987.98,1312.02,25,0
,5.0000,3.0000,2.5000,4.0000,1.5000,150,1012.05,18987.95,1312.05,25,0
,7.0000,4.2000,3.5000,5.6000,2.1000,150,1012.09,18987.91,1312.09,25,0
,5.0000,3.0000,2.5000,4.0000,1.5000,150,1012.13,18987.87,1312.13,25,0
,5.0000,3.0000,2.5000,4.0000,1.5000,150,1012.17,18987.83,1312.17,25,0
,5.0000,3.0000,2.5000,4.0000,1.5000,150,1012.20,18987.80,1312.20,25,0
,5.0000,3.0000,2.5000,4.0000,1.5000,150,1012.23,18987.77,1312.23,25,0
,5.0000,3.0000,2.5000,4.0000,1.5000,150,1012.27,18987.73,1312.27,25,0
,5.0000,3.0000,2.5000,4.0000,1.5000,150,1012.30,18987.70,1312.30,25,0
,5.0000,3.0000,2.5000,4.0000,1.5000,150,1012.33,18987.67,1312.33,25,0
,5.0000,3.0000,2.5000,4.0000,1.5000,150,1012.37,18987.63,1312.37,25,0
,5.0000,3.0000,2.5000,4.0000,1.5000,150,1012.40,18987.60,1312.40,25,0
,7.0000,4.2000,3.5000,5.6000,2.1000,150,1012.43,18987.57,1312.43,25,0
,5.0000,3.0000,2.5000,4.0000,1.5000,150,1012.48,18987.52,1312.48,25,0
,5.0000,3.0000,2.5000,4.0000,1.5000,150,1012.51,18987.49,1312.51,25,0
,5.0000,3.0000,2.5000,4.0000,1.5000,150,1012.55,18987.45,1312.55,25,0
,5.0000,3.0000,2.5000,4.0000,1.5000,150,1012.58,18987.42,1312.58,25,0
,5.0000,3.0000,2.5000,4.0000,1.5000,150,1012.61,18987.39,1312.61,25,0
,5.0000,3.0000,2.5000,4.0000,1.5000,150,1012.65,18987.35,1312.65,25,0
,5.0000,3.0000,2.5000,4.0000,1.5000,150,1012.68,18987.32,1312.68,25,0
,5.0000,3.0000,2.5000,4.0000,1.5000,150,1012.71,18987.29,1312.71,25,0
,5.0000,3.0000,2.5000,4.0000,1.5000,150,1012.75,18987.25,1312.75,25,0
,7.0000,4.2000,3.5000,5.6000,2.1000,150,1012.78,18987.22,1312.78,25,0
,5.0000,3.0000,2.5000,4.0000,1.5000,150,1012.83,18987.17,1312.83,25,0
,5.0000,3.0000,2.5000,4.0000,1.5000,150,1012.86,18987.14,1312.86,25,0
,5.0000,3.0000,2.5000,4.0000,1.5000,150,1012.89,18987.11,1312.89,25,0
,5.0000,3.0000,2.5000,4.0000,1.5000,150,1012.93,18987.07,1312.93,25,0
,5.0000,3.0000,2.5000,4.0000,1.5000,150,1012.96,18987.04,1312.96,25,0
,5.0000,3.0000,2.5000,4.0000,1.5000,150,1012.99,18987.01,1312.99,25,0
,5.0000,3.0000,2.5000,4.0000,1.5000,150,1013.03,18986.97,1313.03,25,0
,5.0000,3.0000,2.5000,4.0000,1.5000,150,1013.06,18986.94,1313.06,25,0
,5.0000,3.0000,2.5000,4.0000,1.5000,150,1013.09,18986.91,1313.09,25,0
,7.0000,4.2000,3.5000,5.6000,2.1000,150,1013.13,18986.87,1313.13,25,0
,5.0000,3.0000,2.5000,4.0000,1.5000,150,1013.17,18986.83,1313.17,25,0
,5.0000,3.0000,2.5000,4.0000,1.5000,150,1013.21,18986.79,1313.21,25,0
,5.0000,3.0000,2.5000,4.0000,1.5000,150,1013.24,18986.76,1313.24,25,0
,5.0000,3.0000,2.5000,4.0000,1.5000,150,1013.27,18986.73,1313.27,25,0
,5.0000,3.0000,2.5000,4.0000,1.5000,150,1013.31,18986.69,1313.31,25,0
,5.0000,3.0000,2.5000,4.0000,1.5000,150,1013.34,18986.66,1313.34,25,0
,5.0000,3.0000,2.5000,4.0000,1.5000,150,1013.37,18986.63,1313.37,25,0
,5.0000,3.0000,2.5000,4.0000,1.5000,150,1013.41,18986.59,1313.41,25,0
,5.0000,3.0000,2.5000,4.0000,1.5000,150,1013.44,18986.56,1313.44,25,0
,7.0000,4.2000,3.5000,5.6000,2.1000,150,1013.47,18986.53,1313.47,25,0
,5.0000,3.0000,2.5000,4.0000,1.5000,150,1013.52,18986.48,1313.52,25,0
,5.0000,3.0000,2.5000,4.0000,1.5000,150,1013.55,18986.45,1313.55,25,0
,5.0000,3.0000,2.5000,4.0000,1.5000,150,1013.59,18986.41,1313.59,25,0
,5.0000,3.0000,2.5000,4.0000,1.5000,150,1013.62,18986.38,1313.62,25,0
,5.0000,3.0000,2.5000,4.0000,1.5000,150,1013.65,18986.35,1313.65,25,0
,5.0000,3.0000,2.5000,4.0000,1.5000,150,1013.69,18986.31,1313.69,25,0
,5.0000,3.0000,2.5000,4.0000,1.5000,150,1013.72,18986.28,1313.72,25,0
,5.0000,3.0000,2.5000,4.0000,1.5000,150,1013.75,18986.25,1313.75,25,0
,5.0000,3.0000,2.5000,4.0000,1.5000,150,1013.79,18986.21,1313.79,25,0
,7.0000,4.2000,3.5000,5.6000,2.1000,150,1013.82,18986.18,1313.82,25,0
,5.0000,3.0000,2.5000,4.0000,1.5000,150,1013.87,18986.13,1313.87,25,0
,5.0000,3.0000,2.5000,4.0000,1.5000,150,1013.90,18986.10,1313.90,25,0
,5.0000,3.0000,2.5000,4.0000,1.5000,150,1013.93,18986.07,1313.93,25,0
,5.0000,3.0000,2.5000,4.0000,1.5000,150,1013.97,18986.03,1313.97,25,0
,5.0000,3.0000,2.5000,4.0000,1.5000,150,1014.00,18986.00,1314.00,25,0
,5.0000,3.0000,2.5000,4.0000,1.5000,150,1014.03,18985.97,1314.03,25,0
,5.0000,3.0000,2.5000,4.0000,1.5000,150,1014.07,18985.93,1314.07,25,0
,5.0000,3.0000,2.5000,4.0000,1.5000,150,1014.10,18985.90,1314.10,25,0
,5.0000,3.0000,2.5000,4.0000,1.5000,150,1014.13,18985.87,1314.13,25,0
,7.0000,4.2000,3.5000,5.6000,2.1000,150,1014.17,18985.83,1314.17,25,0
,5.0000,3.0000,2.5000,4.0000,1.5000,150,1014.21,18985.79,1314.21,25,0
,5.0000,3.0000,2.5000,4.0000,1.5000,150,1014.25,18985.75,1314.25,25,0
,5.0000,3.0000,2.5000,4.0000,1.5000,150,1014.28,18985.72,1314.28,25,0
,5.0000,3.0000,2.5000,4.0000,1.5000,150,1014.31,18985.69,1314.31,25,0
,5.0000,3.0000,2.5000,4.0000,1.5000,150,1014.35,18985.65,1314.35,25,0
,5.0000,3.0000,2.5000,4.0000,1.5000,150,1014.38,18985.62,1314.38,25,0
,5.0000,3.0000,2.5000,4.0000,1.5000,150,1014.41,18985.59,1314.41,25,0
,5.0000,3.0000,2.5000,4.0000,1.5000,150,1014.45,18985.55,1314.45,25,0
,5.0000,3.0000,2.5000,4.0000,1.5000,150,1014.48,18985.52,1314.48,25,0
,7.0000,4.2000,3.5000,5.6000,2.1000,150,1014.51,18985.49,1314.51,25,0
,5.0000,3.0000,2.5000,4.0000,1.5000,150,1014.56,18985.44,1314.56,25,0
,5.0000,3.0000,2.5000,4.0000,1.5000,150,1014.59,18985.41,1314.59,25,0
,5.0000,3.0000,2.5000,4.0000,1.5000,150,1014.63,18985.37,1314.63,25,0
,5.0000,3.0000,2.5000,4.0000,1.5000,150,1014.66,18985.34,1314.66,25,0
,40.0000,24.0000,20.0000,39.2000,12.0000,150,1014.69,18985.31,1314.69,25,0
,5.0000,3.0000,2.5000,4.0000,1.5000,150,1014.96,18985.04,1314.96,25,0
,5.0000,3.0000,2.5000,4.0000,1.5000,150,1014.99,18985.01,1314.99,25,0
,5.0000,3.0000,2.5000,4.0000,1.5000,150,1015.03,18984.97,1315.03,25,0
,5.0000,3.0000,2.5000,4.0000,1.5000,150,1015.06,18984.94,1315.06,25,0
,7.0000,4.2000,3.5000,5.6000,2.1000,150,1015.09,18984.91,1315.09,25,0
,5.0000,3.0000,2.5000,4.0000,1.5000,150,1015.14,18984.86,1315.14,25,0
,5.0000,3.0000,2.5000,4.0000,1.5000,150,1015.17,18984.83,1315.17,25,0
,5.0000,3.0000,2.5000,4.0000,1.5000,150,1015.21,18984.79,1315.21,25,0
,5.0000,3.0000,2.5000,4.0000,1.5000,150,1015.24,18984.76,1315.24,25,0
,5.0000,3.0000,2.5000,4.0000,1.5000,150,1015.27,18984.73,1315.27,25,0
,5.0000,3.0000,2.5000,4.0000,1.5000,150,1015.31,18984.69,1315.31,25,0
,5.0000,3.0000,2.5000,4.0000,1.5000,150,1015.34,18984.66,1315.34,25,0
,5.0000,3.0000,2.5000,4.0000,1.5000,150,1015.37,18984.63,1315.37,25,0
,5.0000,3.0000,2.5000,4.0000,1.5000,150,1015.41,18984.59,1315.41,25,0
,7.0000,4.2000,3.5000,5.6000,2.1000,150,1015.44,18984.56,1315.44,25,0
,5.0000,3.0000,2.5000,4.0000,1.5000,150,1015.49,18984.51,1315.49,25,0
,5.0000,3.0000,2.5000,4.0000,1.5000,150,1015.52,18984.48,1315.52,25,0
,5.0000,3.0000,2.5000,4.0000,1.5000,150,1015.55,18984.45,1315.55,25,0
,5.0000,3.0000,2.5000,4.0000,1.5000,150,1015.59,18984.41,1315.59,25,0
,5.0000,3.0000,2.5000,4.0000,1.5000,150,1015.62,18984.38,1315.62,25,0
,5.0000,3.0000,2.5000,4.0000,1.5000,150,1015.65,18984.35,1315.65,25,0
,5.0000,3.0000,2.5000,4.0000,1.5000,150,1015.69,18984.31,1315.69,25,0
,5.0000,3.0000,2.5000,4.0000,1.5000,150,1015.72,18984.28,1315.72,25,0
,5.0000,3.0000,2.5000,4.0000,1.5000,150,1015.75,18984.25,1315.75,25,0
,7.0000,4.2000,3.5000,5.6000,2.1000,150,1015.79,18984.21,1315.79,25,0
,5.0000,3.0000,2.5000,4.0000,1.5000,150,1015.83,18984.17,1315.83,25,0
,5.0000,3.0000,2.5000,4.0000,1.5000,150,1015.87,18984.13,1315.87,25,0
,5.0000,3.0000,2.5000,4.0000,1.5000,150,1015.90,18984.10,1315.90,25,0
,5.0000,3.0000,2.5000,4.0000,1.5000,150,1015.93,18984.07,1315.93,25,0
,5.0000,3.0000,2.5000,4.0000,1.5000,150,1015.97,18984.03,1315.97,25,0
,5.0000,3.0000,2.5000,4.0000,1.5000,150,1016.00,18984.00,1316.00,25,0
,5.0000,3.0000,2.5000,4.0000,1.5000,150,1016.03,18983.97,1316.03,25,0
,5.0000,3.0000,2.5000,4.0000,1.5000,150,1016.07,18983.93,1316.07,25,0
,5.0000,3.0000,2.5000,4.0000,1.5000,150,1016.10,18983.90,1316.10,25,0
,7.0000,4.2000,3.5000,5.6000,2.1000,150,1016.13,18983.87,1316.13,25,0
,5.0000,3.0000,2.5000,4.0000,1.5000,150,1016.18,18983.82,1316.18,25,0
,5.0000,3.0000,2.5000,4.0000,1.5000,150,1016.21,18983.79,1316.21,25,0
,5.0000,3.0000,2.5000,4.0000,1.5000,150,1016.25,18983.75,1316.25,25,0
,5.0000,3.0000,2.5000,4.0000,1.5000,150,1016.28,18983.72,1316.28,25,0
,5.0000,3.0000,2.5000,4.0000,1.5000,150,1016.31,18983.69,1316.31,25,0
,5.0000,3.0000,2.5000,4.0000,1.5000,150,1016.35,18983.65,1316.35,25,0
,5.0000,3.0000,2.5000,4.0000,1.5000,150,1016.38,18983.62,1316.38,25,0
,5.0000,3.0000,2.5000,4.0000,1.5000,150,1016.41,18983.59,1316.41,25,0
,5.0000,3.0000,2.5000,4.0000,1.5000,150,1016.45,18983.55,1316.45,25,0
,7.0000,4.2000,3.5000,5.6000,2.1000,150,1016.48,18983.52,1316.48,25,0
,5.0000,3.0000,2.5000,4.0000,1.5000,150,1016.53,18983.47,1316.53,25,0
,5.0000,3.0000,2.5000,4.0000,1.5000,150,1016.56,18983.44,1316.56,25,0
,5.0000,3.0000,2.5000,4.0000,1.5000,150,1016.59,18983.41,1316.59,25,0
,5.0000,3.0000,2.5000,4.0000,1.5000,150,1016.63,18983.37,1316.63,25,0
,5.0000,3.0000,2.5000,4.0000,1.5000,150,1016.66,18983.34,1316.66,25,0
,5.0000,3.0000,2.5000,4.0000,1.5000,150,1016.69,18983.31,1316.69,25,0
,5.0000,3.0000,2.5000,4.0000,1.5000,150,1016.73,18983.27,1316.73,25,0
,5.0000,3.0000,2.5000,4.0000,1.5000,150,1016.76,18983.24,1316.76,25,0
,5.0000,3.0000,2.5000,4.0000,1.5000,150,1016.79,18983.21,1316.79,25,0
,7.0000,4.2000,3.5000,5.6000,2.1000,150,1016.83,18983.17,1316.83,25,0
,5.0000,3.0000,2.5000,4.0000,1.5000,150,1016.87,18983.13,1316.87,25,0
,5.0000,3.0000,2.5000,4.0000,1.5000,150,1016.91,18983.09,1316.91,25,0
,5.0000,3.0000,2.5000,4.0000,1.5000,150,1016.94,18983.06,1316.94,25,0
,5.0000,3.0000,2.5000,4.0000,1.5000,150,1016.97,18983.03,1316.97,25,0
,5.0000,3.0000,2.5000,4.0000,1.5000,150,1017.01,18982.99,1317.01,25,0
,5.0000,3.0000,2.5000,4.0000,1.5000,150,1017.04,18982.96,1317.04,25,0
,5.0000,3.0000,2.5000,4.0000,1.5000,150,1017.07,18982.93,1317.07,25,0
,5.0000,3.0000,2.5000,4.0000,1.5000,150,1017.11,18982.89,1317.11,25,0
,5.0000,3.0000,2.5000,4.0000,1.5000,150,1017.14,18982.86,1317.14,25,0
,7.0000,4.2000,3.5000,5.6000,2.1000,150,1017.17,18982.83,1317.17,25,0
,5.0000,3.0000,2.5000,4.0000,1.5000,150,1017.22,18982.78,1317.22,25,0
,5.0000,3.0000,2.5000,4.0000,1.5000,150,1017.25,18982.75,1317.25,25,0
,5.0000,3.0000,2.5000,4.0000,1.5000,150,1017.29,18982.71,1317.29,25,0
,5.0000,3.0000,2.5000,4.0000,1.5000,150,1017.32,18982.68,1317.32,25,0
,5.0000,3.0000,2.5000,4.0000,1.5000,150,1017.35,18982.65,1317.35,25,0
,5.0000,3.0000,2.5000,4.0000,1.5000,150,1017.39,18982.61,1317.39,25,0
,5.0000,3.0000,2.5000,4.0000,1.5000,150,1017.42,18982.58,1317.42,25,0
,5.0000,3.0000,2.5000,4.0000,1.5000,150,1017.45,18982.55,1317.45,25,0
,5.0000,3.0000,2.5000,4.0000,1.5000,150,1017.49,18982.51,1317.49,25,0
,7.0000,4.2000,3.5000,5.6000,2.1000,150,1017.52,18982.48,1317.52,25,0
,5.0000,3.0000,2.5000,4.0000,1.5000,150,1017.57,18982.43,1317.57,25,0
,5.0000,3.0000,2.5000,4.0000,1.5000,150,1017.60,18982.40,1317.60,25,0
,5.0000,3.0000,2.5000,4.0000,1.5000,150,1017.63,18982.37,1317.63,25,0
,5.0000,3.0000,2.5000,4.0000,1.5000,150,1017.67,18982.33,1317.67,25,0
,5.0000,3.0000,2.5000,4.0000,1.5000,150,1017.70,18982.30,1317.70,25,0
,5.0000,3.0000,2.5000,4.0000,1.5000,150,1017.73,18982.27,1317.73,25,0
,5.0000,3.0000,2.5000,4.0000,1.5000,150,1017.77,18982.23,1317.77,25,0
,5.0000,3.0000,2.5000,4.0000,1.5000,150,1017.80,18982.20,1317.80,25,0
,5.0000,3.0000,2.5000,4.0000,1.5000,150,1017.83,18982.17,1317.83,25,0
,7.0000,4.2000,3.5000,5.6000,2.1000,150,1017.87,18982.13,1317.87,25,0
,5.0000,3.0000,2.5000,4.0000,1.5000,150,1017.91,18982.09,1317.91,25,0
,5.0000,3.0000,2.5000,4.0000,1.5000,150,1017.95,18982.05,1317.95,25,0
,5.0000,3.0000,2.5000,4.0000,1.5000,150,1017.98,18982.02,1317.98,25,0
,5.0000,3.0000,2.5000,4.0000,1.5000,150,1018.01,18981.99,1318.01,25,0
,5.0000,3.0000,2.5000,4.0000,1.5000,150,1018.05,18981.95,1318.05,25,0
,5.0000,3.0000,2.5000,4.0000,1.5000,150,1018.08,18981.92,1318.08,25,0
,5.0000,3.0000,2.5000,4.0000,1.5000,150,1018.11,18981.89,1318.11,25,0
,5.0000,3.0000,2.5000,4.0000,1.5000,150,1018.15,18981.85,1318.15,25,0
,5.0000,3.0000,2.5000,4.0000,1.5000,150,1018.18,18981.82,1318.18,25,0
,7.0000,4.2000,3.5000,5.6000,2.1000,150,1018.21,18981.79,1318.21,25,0
,5.0000,3.0000,2.5000,4.0000,1.5000,150,1018.26,18981.74,1318.26,25,0
,5.0000,3.0000,2.5000,4.0000,1.5000,150,1018.29,18981.71,1318.29,25,0
,5.0000,3.0000,2.5000,4.0000,1.5000,150,1018.33,18981.67,1318.33,25,0
,5.0000,3.0000,2.5000,4.0000,1.5000,150,1018.36,18981.64,1318.36,25,0
,5.0000,3.0000,2.5000,4.0000,1.5000,150,1018.39,18981.61,1318.39,25,0
,5.0000,3.0000,2.5000,4.0000,1.5000,150,1018.43,18981.57,1318.43,25,0
,5.0000,3.0000,2.5000,4.0000,1.5000,150,1018.46,18981.54,1318.46,25,0
,5.0000,3.0000,2.5000,4.0000,1.5000,150,1018.49,18981.51,1318.49,25,0
,5.0000,3.0000,2.5000,4.0000,1.5000,150,1018.53,18981.47,1318.53,25,0
,7.0000,4.2000,3.5000,5.6000,2.1000,150,1018.56,18981.44,1318.56,25,0
,5.0000,3.0000,2.5000,4.0000,1.5000,150,1018.61,18981.39,1318.61,25,0
,5.0000,3.0000,2.5000,4.0000,1.5000,150,1018.64,18981.36,1318.64,25,0
,5.0000,3.0000,2.5000,4.0000,1.5000,150,1018.67,18981.33,1318.67,25,0
,5.0000,3.0000,2.5000,4.0000,1.5000,150,1018.71,18981.29,1318.71,25,0
,5.0000,3.0000,2.5000,4.0000,1.5000,150,1018.74,18981.26,1318.74,25,0
,5.0000,3.0000,2.5000,4.0000,1.5000,150,1018.77,18981.23,1318.77,25,0
,5.0000,3.0000,2.5000,4.0000,1.5000,150,1018.81,18981.19,1318.81,25,0
,5.0000,3.0000,2.5000,4.0000,1.5000,150,1018.84,18981.16,1318.84,25,0
,5.0000,3.0000,2.5000,4.0000,1.5000,150,1018.87,18981.13,1318.87,25,0
,7.0000,4.2000,3.5000,5.6000,2.1000,150,1018.91,18981.09,1318.91,25,0
,5.0000,3.0000,2.5000,4.0000,1.5000,150,1018.95,18981.05,1318.95,25,0
,5.0000,3.0000,2.5000,4.0000,1.5000,150,1018.99,18981.01,1318.99,25,0
,5.0000,3.0000,2.5000,4.0000,1.5000,150,1019.02,18980.98,1319.02,25,0
,5.0000,3.0000,2.5000,4.0000,1.5000,150,1019.05,18980.95,1319.05,25,0
,5.0000,3.0000,2.5000,4.0000,1.5000,150,1019.09,18980.91,1319.09,25,0
,5.0000,3.0000,2.5000,4.0000,1.5000,150,1019.12,18980.88,1319.12,25,0
,5.0000,3.0000,2.5000,4.0000,1.5000,150,1019.15,18980.85,1319.15,25,0
,5.0000,3.0000,2.5000,4.0000,1.5000,150,1019.19,18980.81,1319.19,25,0
,5.0000,3.0000,2.5000,4.0000,1.5000,150,1019.22,18980.78,1319.22,25,0
,7.0000,4.2000,3.5000,5.6000,2.1000,150,1019.25,18980.75,1319.25,25,0
,5.0000,3.0000,2.5000,4.0000,1.5000,150,1019.30,18980.70,1319.30,25,0
,5.0000,3.0000,2.5000,4.0000,1.5000,150,1019.33,18980.67,1319.33,25,0
,5.0000,3.0000,2.5000,4.0000,1.5000,150,1019.37,18980.63,1319.37,25,0
,5.0000,3.0000,2.5000,4.0000,1.5000,150,1019.40,18980.60,1319.40,25,0
,5.0000,3.0000,2.5000,4.0000,1.5000,150,1019.43,18980.57,1319.43,25,0
,5.0000,3.0000,2.5000,4.0000,1.5000,150,1019.47,18980.53,1319.47,25,0
,5.0000,3.0000,2.5000,4.0000,1.5000,150,1019.50,18980.50,1319.50,25,0
,5.0000,3.0000,2.5000,4.0000,1.5000,150,1019.53,18980.47,1319.53,25,0
,5.0000,3.0000,2.5000,4.0000,1.5000,150,1019.57,18980.43,1319.57,25,0
,7.0000,4.2000,3.5000,5.6000,2.1000,150,1019.60,18980.40,1319.60,25,0
,5.0000,3.0000,2.5000,4.0000,1.5000,150,1019.65,18980.35,1319.65,25,0
,5.0000,3.0000,2.5000,4.0000,1.5000,150,1019.68,18980.32,1319.68,25,0
,5.0000,3.0000,2.5000,4.0000,1.5000,150,1019.71,18980.29,1319.71,25,0
,5.0000,3.0000,2.5000,4.0000,1.5000,150,1019.75,18980.25,1319.75,25,0
,5.0000,3.0000,2.5000,4.0000,1.5000,150,1019.78,18980.22,1319.78,25,0
,5.0000,3.0000,2.5000,4.0000,1.5000,150,1019.81,18980.19,1319.81,25,0
,5.0000,3.0000,2.5000,4.0000,1.5000,150,1019.85,18980.15,1319.85,25,0
,5.0000,3.0000,2.5000,4.0000,1.5000,150,1019.88,18980.12,1319.88,25,0
,5.0000,3.0000,2.5000,4.0000,1.5000,150,1019.91,18980.09,1319.91,25,0
,7.0000,4.2000,3.5000,5.6000,2.1000,150,1019.95,18980.05,1319.95,25,0
,5.0000,3.0000,2.5000,4.0000,1.5000,150,1019.99,18980.01,1319.99,25,0
,400.0000,380.0000,200.0000,320.0000,120.0000,150,1020.03,18979.97,1320.03,0,0
,45.0000,42.7500,22.5000,36.0000,13.5000,150,1022.69,18977.31,1322.69,25,0
,45.0000,42.7500,22.5000,36.0000,13.5000,150,1022.99,18977.01,1322.99,25,0
,45.0000,42.7500,22.5000,36.0000,13.5000,150,1023.29,18976.71,1323.29,25,0
,5.0000,3.0000,2.5000,4.0000,1.5000,150,1023.59,18976.41,1323.59,25,0
,5.0000,3.0000,2.5000,4.0000,1.5000,150,1023.63,18976.37,1323.63,25,0
,5.0000,3.0000,2.5000,4.0000,1.5000,150,1023.66,18976.34,1323.66,25,0
,5.0000,3.0000,2.5000,4.0000,1.5000,150,1023.69,18976.31,1323.69,25,0
,7.0000,4.2000,3.5000,5.6000,2.1000,150,1023.73,18976.27,1323.73,25,0
,5.0000,3.0000,2.5000,4.0000,1.5000,150,1023.77,18976.23,1323.77,25,0
,5.0000,3.0000,2.5000,4.0000,1.5000,150,1023.81,18976.19,1323.81,25,0
,5.0000,3.0000,2.5000,4.0000,1.5000,150,1023.84,18976.16,1323.84,25,0
,5.0000,3.0000,2.5000,4.0000,1.5000,150,1023.87,18976.13,1323.87,25,0
,5.0000,3.0000,2.5000,4.0000,1.5000,150,1023.91,18976.09,1323.91,25,0
,5.0000,3.0000,2.5000,4.0000,1.5000,150,1023.94,18976.06,1323.94,25,0
,5.0000,3.0000,2.5000,4.0000,1.5000,150,1023.97,18976.03,1323.97,25,0
,5.0000,3.0000,2.5000,4.0000,1.5000,150,1024.01,18975.99,1324.01,25,0
,5.0000,3.0000,2.5000,4.0000,1.5000,150,1024.04,18975.96,1324.04,25,0
,7.0000,4.2000,3.5000,5.6000,2.1000,150,1024.07,18975.93,1324.07,25,0
,5.0000,3.0000,2.5000,4.0000,1.5000,150,1024.12,18975.88,1324.12,25,0
,5.0000,3.0000,2.5000,4.0000,1.5000,150,1024.15,18975.85,1324.15,25,0
,5.0000,3.0000,2.5000,4.0000,1.5000,150,1024.19,18975.81,1324.19,25,0
,5.0000,3.0000,2.5000,4.0000,1.5000,150,1024.22,18975.78,1324.22,25,0
,5.0000,3.0000,2.5000,4.0000,1.5000,150,1024.25,18975.75,1324.25,25,0
,5.0000,3.0000,2.5000,4.0000,1.5000,150,1024.29,18975.71,1324.29,25,0
,5.0000,3.0000,2.5000,4.0000,1.5000,150,1024.32,18975.68,1324.32,25,0
,5.0000,3.0000,2.5000,4.0000,1.5000,150,1024.35,18975.65,1324.35,25,0
,5.0000,3.0000,2.5000,4.0000,1.5000,150,1024.39,18975.61,1324.39,25,0
,7.0000,4.2000,3.5000,5.6000,2.1000,150,1024.42,18975.58,1324.42,25,0
,5.0000,3.0000,2.5000,4.0000,1.5000,150,1024.47,18975.53,1324.47,25,0
,5.0000,3.0000,2.5000,4.0000,1.5000,150,1024.50,18975.50,1324.50,25,0
,5.0000,3.0000,2.5000,4.0000,1.5000,150,1024.53,18975.47,1324.53,25,0
,5.0000,3.0000,2.5000,4.0000,1.5000,150,1024.57,18975.43,1324.57,25,0
,5.0000,3.0000,2.5000,4.0000,1.5000,150,1024.60,18975.40,1324.60,25,0
,5.0000,3.0000,2.5000,4.0000,1.5000,150,1024.63,18975.37,1324.63,25,0
,5.0000,3.0000,2.5000,4.0000,1.5000,150,1024.67,18975.33,1324.67,25,0
,5.0000,3.0000,2.5000,4.0000,1.5000,150,1024.70,18975.30,1324.70,25,0
,5.0000,3.0000,2.5000,4.0000,1.5000,150,1024.73,18975.27,1324.73,25,0
,7.0000,4.2000,3.5000,5.6000,2.1000,150,1024.77,18975.23,1324.77,25,0
,5.0000,3.0000,2.5000,4.0000,1.5000,150,1024.81,18975.19,1324.81,25,0
,5.0000,3.0000,2.5000,4.0000,1.5000,150,1024.85,18975.15,1324.85,25,0
,5.0000,3.0000,2.5000,4.0000,1.5000,150,1024.88,18975.12,1324.88,25,0
,5.0000,3.0000,2.5000,4.0000,1.5000,150,1024.91,18975.09,1324.91,25,0
,5.0000,3.0000,2.5000,4.0000,1.5000,150,1024.95,18975.05,1324.95,25,0
,5.0000,3.0000,2.5000,4.0000,1.5000,150,1024.98,18975.02,1324.98,25,0
,5.0000,3.0000,2.5000,4.0000,1.5000,150,1025.01,18974.99,1325.01,25,0
,5.0000,3.0000,2.5000,4.0000,1.5000,150,1025.05,18974.95,1325.05,25,0
,5.0000,3.0000,2.5000,4.0000,1.5000,150,1025.08,18974.92,1325.08,25,0
,7.0000,4.2000,3.5000,5.6000,2.1000,150,1025.11,18974.89,1325.11,25,0
,5.0000,3.0000,2.5000,4.0000,1.5000,150,1025.16,18974.84,1325.16,25,0
,5.0000,3.0000,2.5000,4.0000,1.5000,150,1025.19,18974.81,1325.19,25,0
,5.0000,3.0000,2.5000,4.0000,1.5000,150,1025.23,18974.77,1325.23,25,0
,5.0000,3.0000,2.5000,4.0000,1.5000,150,1025.26,18974.74,1325.26,25,0
,5.0000,3.0000,2.5000,4.0000,1.5000,150,1025.29,18974.71,1325.29,25,0
,5.0000,3.0000,2.5000,4.0000,1.5000,150,1025.33,18974.67,1325.33,25,0
,5.0000,3.0000,2.5000,4.0000,1.5000,150,1025.36,18974.64,1325.36,25,0
,5.0000,3.0000,2.5000,4.0000,1.5000,150,1025.39,18974.61,1325.39,25,0
,5.0000,3.0000,2.5000,4.0000,1.5000,150,1025.43,18974.57,1325.43,25,0
,7.0000,4.2000,3.5000,5.6000,2.1000,150,1025.46,18974.54,1325.46,25,0
,5.0000,3.0000,2.5000,4.0000,1.5000,150,1025.51,18974.49,1325.51,25,0
,5.0000,3.0000,2.5000,4.0000,1.5000,150,1025.54,18974.46,1325.54,25,0
,5.0000,3.0000,2.5000,4.0000,1.5000,150,1025.57,18974.43,1325.57,25,0
,5.0000,3.0000,2.5000,4.0000,1.5000,150,1025.61,18974.39,1325.61,25,0
,5.0000,3.0000,2.5000,4.0000,1.5000,150,1025.64,18974.36,1325.64,25,0
,5.0000,3.0000,2.5000,4.0000,1.5000,150,1025.67,18974.33,1325.67,25,0
,5.0000,3.0000,2.5000,4.0000,1.5000,150,1025.71,18974.29,1325.71,25,0
,5.0000,3.0000,2.5000,4.0000,1.5000,150,1025.74,18974.26,1325.74,25,0
,5.0000,3.0000,2.5000,4.0000,1.5000,150,1025.77,18974.23,1325.77,25,0
,7.0000,4.2000,3.5000,5.6000,2.1000,150,1025.81,18974.19,1325.81,25,0
,5.0000,3.0000,2.5000,4.0000,1.5000,150,1025.85,18974.15,1325.85,25,0
,5.0000,3.0000,2.5000,4.0000,1.5000,150,1025.89,18974.11,1325.89,25,0
,5.0000,3.0000,2.5000,4.0000,1.5000,150,1025.92,18974.08,1325.92,25,0
,5.0000,3.0000,2.5000,4.0000,1.5000,150,1025.95,18974.05,1325.95,25,0
,5.0000,3.0000,2.5000,4.0000,1.5000,150,1025.99,18974.01,1325.99,25,0
,5.0000,3.0000,2.5000,4.0000,1.5000,150,1026.02,18973.98,1326.02,25,0
,5.0000,3.0000,2.5000,4.0000,1.5000,150,1026.05,18973.95,1326.05,25,0
,5.0000,3.0000,2.5000,4.0000,1.5000,150,1026.09,18973.91,1326.09,25,0
,5.0000,3.0000,2.5000,4.0000,1.5000,150,1026.12,18973.88,1326.12,25,0
,7.0000,4.2000,3.5000,5.6000,2.1000,150,1026.15,18973.85,1326.15,25,0
,5.0000,3.0000,2.5000,4.0000,1.5000,150,1026.20,18973.80,1326.20,25,0
,5.0000,3.0000,2.5000,4.0000,1.5000,150,1026.23,18973.77,1326.23,25,0
,5.0000,3.0000,2.5000,4.0000,1.5000,150,1026.27,18973.73,1326.27,25,0
,5.0000,3.0000,2.5000,4.0000,1.5000,150,1026.30,18973.70,1326.30,25,0
,5.0000,3.0000,2.5000,4.0000,1.5000,150,1026.33,18973.67,1326.33,25,0
,5.0000,3.0000,2.5000,4.0000,1.5000,150,1026.37,18973.63,1326.37,25,0
,5.0000,3.0000,2.5000,4.0000,1.5000,150,1026.40,18973.60,1326.40,25,0
,5.0000,3.0000,2.5000,4.0000,1.5000,150,1026.43,18973.57,1326.43,25,0
,5.0000,3.0000,2.5000,4.0000,1.5000,150,1026.47,18973.53,1326.47,25,0
,7.0000,4.2000,3.5000,5.6000,2.1000,150,1026.50,18973.50,1326.50,25,0
,5.0000,3.0000,2.5000,4.0000,1.5000,150,1026.55,18973.45,1326.55,25,0
,5.0000,3.0000,2.5000,4.0000,1.5000,150,1026.58,18973.42,1326.58,25,0
,5.0000,3.0000,2.5000,4.0000,1.5000,150,1026.61,18973.39,1326.61,25,0
,5.0000,3.0000,2.5000,4.0000,1.5000,150,1026.65,18973.35,1326.65,25,0
,5.0000,3.0000,2.5000,4.0000,1.5000,150,1026.68,18973.32,1326.68,25,0
,5.0000,3.0000,2.5000,4.0000,1.5000,150,1026.71,18973.29,1326.71,25,0
,5.0000,3.0000,2.5000,4.0000,1.5000,150,1026.75,18973.25,1326.75,25,0
,5.0000,3.0000,2.5000,4.0000,1.5000,150,1026.78,18973.22,1326.78,25,0
,5.0000,3.0000,2.5000,4.0000,1.5000,150,1026.81,18973.19,1326.81,25,0
,7.0000,4.2000,3.5000,5.6000,2.1000,150,1026.85,18973.15,1326.85,25,0
,5.0000,3.0000,2.5000,4.0000,1.5000,150,1026.89,18973.11,1326.89,25,0
,5.0000,3.0000,2.5000,4.0000,1.5000,150,1026.93,18973.07,1326.93,25,0
,5.0000,3.0000,2.5000,4.0000,1.5000,150,1026.96,18973.04,1326.96,25,0
,5.0000,3.0000,2.5000,4.0000,1.5000,150,1026.99,18973.01,1326.99,25,0
,5.0000,3.0000,2.5000,4.0000,1.5000,150,1027.03,18972.97,1327.03,25,0
,5.0000,3.0000,2.5000,4.0000,1.5000,150,1027.06,18972.94,1327.06,25,0
,5.0000,3.0000,2.5000,4.0000,1.5000,150,1027.09,18972.91,1327.09,25,0
,5.0000,3.0000,2.5000,4.0000,1.5000,150,1027.13,18972.87,1327.13,25,0
,5.0000,3.0000,2.5000,4.0000,1.5000,150,1027.16,18972.84,1327.16,25,0
,7.0000,4.2000,3.5000,5.6000,2.1000,150,1027.19,18972.81,1327.19,25,0
,5.0000,3.0000,2.5000,4.0000,1.5000,150,1027.24,18972.76,1327.24,25,0
,5.0000,3.0000,2.5000,4.0000,1.5000,150,1027.27,18972.73,1327.27,25,0
,5.0000,3.0000,2.5000,4.0000,1.5000,150,1027.31,18972.69,1327.31,25,0
,5.0000,3.0000,2.5000,4.0000,1.5000,150,1027.34,18972.66,1327.34,25,0
,5.0000,3.0000,2.5000,4.0000,1.5000,150,1027.37,18972.63,1327.37,25,0
,5.0000,3.0000,2.5000,4.0000,1.5000,150,1027.41,18972.59,1327.41,25,0
,5.0000,3.0000,2.5000,4.0000,1.5000,150,1027.44,18972.56,1327.44,25,0
,5.0000,3.0000,2.5000,4.0000,1.5000,150,1027.47,18972.53,1327.47,25,0
,5.0000,3.0000,2.5000,4.0000,1.5000,150,1027.51,18972.49,1327.51,25,0
,7.0000,4.2000,3.5000,5.6000,2.1000,150,1027.54,18972.46,1327.54,25,0
,5.0000,3.0000,2.5000,4.0000,1.5000,150,1027.59,18972.41,1327.59,25,0
,5.0000,3.0000,2.5000,4.0000,1.5000,150,1027.62,18972.38,1327.62,25,0
,5.0000,3.0000,2.5000,4.0000,1.5000,150,1027.65,18972.35,1327.65,25,0
,5.0000,3.0000,2.5000,4.0000,1.5000,150,1027.69,18972.31,1327.69,25,0
,5.0000,3.0000,2.5000,4.0000,1.5000,150,1027.72,18972.28,1327.72,25,0
,5.0000,3.0000,2.5000,4.0000,1.5000,150,1027.75,18972.25,1327.75,25,0
,5.0000,3.0000,2.5000,4.0000,1.5000,150,1027.79,18972.21,1327.79,25,0
,5.0000,3.0000,2.5000,4.0000,1.5000,150,1027.82,18972.18,1327.82,25,0
,5.0000,3.0000,2.5000,4.0000,1.5000,150,1027.85,18972.15,1327.85,25,0
,7.0000,4.2000,3.5000,5.6000,2.1000,150,1027.89,18972.11,1327.89,25,0
,5.0000,3.0000,2.5000,4.0000,1.5000,150,1027.93,18972.07,1327.93,25,0
,5.0000,3.0000,2.5000,4.0000,1.5000,150,1027.97,18972.03,1327.97,25,0
,5.0000,3.0000,2.5000,4.0000,1.5000,150,1028.00,18972.00,1328.00,25,0
,5.0000,3.0000,2.5000,4.0000,1.5000,150,1028.03,18971.97,1328.03,25,0
,5.0000,3.0000,2.5000,4.0000,1.5000,150,1028.07,18971.93,1328.07,25,0
,5.0000,3.0000,2.5000,4.0000,1.5000,150,1028.10,18971.90,1328.10,25,0
,5.0000,3.0000,2.5000,4.0000,1.5000,150,1028.13,18971.87,1328.13,25,0
,5.0000,3.0000,2.5000,4.0000,1.5000,150,1028.17,18971.83,1328.17,25,0
,5.0000,3.0000,2.5000,4.0000,1.5000,150,1028.20,18971.80,1328.20,25,0
,7.0000,4.2000,3.5000,5.6000,2.1000,150,1028.23,18971.77,1328.23,25,0
,5.0000,3.0000,2.5000,4.0000,1.5000,150,1028.28,18971.72,1328.28,25,0
,5.0000,3.0000,2.5000,4.0000,1.5000,150,1028.31,18971.69,1328.31,25,0
,5.0000,3.0000,2.5000,4.0000,1.5000,150,1028.35,18971.65,1328.35,25,0
,5.0000,3.0000,2.5000,4.0000,1.5000,150,1028.38,18971.62,1328.38,25,0
,5.0000,3.0000,2.5000,4.0000,1.5000,150,1028.41,18971.59,1328.41,25,0
,5.0000,3.0000,2.5000,4.0000,1.5000,150,1028.45,18971.55,1328.45,25,0
,5.0000,3.0000,2.5000,4.0000,1.5000,150,1028.48,18971.52,1328.48,25,0
,5.0000,3.0000,2.5000,4.0000,1.5000,150,1028.51,18971.49,1328.51,25,0
,5.0000,3.0000,2.5000,4.0000,1.5000,150,1028.55,18971.45,1328.55,25,0
,7.0000,4.2000,3.5000,5.6000,2.1000,150,1028.58,18971.42,1328.58,25,0
,5.0000,3.0000,2.5000,4.0000,1.5000,150,1028.63,18971.37,1328.63,25,0
,5.0000,3.0000,2.5000,4.0000,1.5000,150,1028.66,18971.34,1328.66,25,0
,5.0000,3.0000,2.5000,4.0000,1.5000,150,1028.69,18971.31,1328.69,25,0
,5.0000,3.0000,2.5000,4.0000,1.5000,150,1028.73,18971.27,1328.73,25,0
,5.0000,3.0000,2.5000,4.0000,1.5000,150,1028.76,18971.24,1328.76,25,0
,5.0000,3.0000,2.5000,4.0000,1.5000,150,1028.79,18971.21,1328.79,25,0
,5.0000,3.0000,2.5000,4.0000,1.5000,150,1028.83,18971.17,1328.83,25,0
,5.0000,3.0000,2.5000,4.0000,1.5000,150,1028.86,18971.14,1328.86,25,0
,5.0000,3.0000,2.5000,4.0000,1.5000,150,1028.89,18971.11,1328.89,25,0
,7.0000,4.2000,3.5000,5.6000,2.1000,150,1028.93,18971.07,1328.93,25,0
,5.0000,3.0000,2.5000,4.0000,1.5000,150,1028.97,18971.03,1328.97,25,0
,5.0000,3.0000,2.5000,4.0000,1.5000,150,1029.01,18970.99,1329.01,25,0
,5.0000,3.0000,2.5000,4.0000,1.5000,150,1029.04,18970.96,1329.04,25,0
,5.0000,3.0000,2.5000,4.0000,1.5000,150,1029.07,18970.93,1329.07,25,0
,5.0000,3.0000,2.5000,4.0000,1.5000,150,1029.11,18970.89,1329.11,25,0
,5.0000,3.0000,2.5000,4.0000,1.5000,150,1029.14,18970.86,1329.14,25,0
,5.0000,3.0000,2.5000,4.0000,1.5000,150,1029.17,18970.83,1329.17,25,0
,5.0000,3.0000,2.5000,4.0000,1.5000,150,1029.21,18970.79,1329.21,25,0
,5.0000,3.0000,2.5000,4.0000,1.5000,150,1029.24,18970.76,1329.24,25,0
,7.0000,4.2000,3.5000,5.6000,2.1000,150,1029.27,18970.73,1329.27,25,0
,5.0000,3.0000,2.5000,4.0000,1.5000,150,1029.32,18970.68,1329.32,25,0
,5.0000,3.0000,2.5000,4.0000,1.5000,150,1029.35,18970.65,1329.35,25,0
,5.0000,3.0000,2.5000,4.0000,1.5000,150,1029.39,18970.61,1329.39,25,0
,5.0000,3.0000,2.5000,4.0000,1.5000,150,1029.42,18970.58,1329.42,25,0
,5.0000,3.0000,2.5000,4.0000,1.5000,150,1029.45,18970.55,1329.45,25,0
,5.0000,3.0000,2.5000,4.0000,1.5000,150,1029.49,18970.51,1329.49,25,0
,5.0000,3.0000,2.5000,4.0000,1.5000,150,1029.52,18970.48,1329.52,25,0
,5.0000,3.0000,2.5000,4.0000,1.5000,150,1029.55,18970.45,1329.55,25,0
,5.0000,3.0000,2.5000,4.0000,1.5000,150,1029.59,18970.41,1329.59,25,0
,7.0000,4.2000,3.5000,5.6000,2.1000,150,1029.62,18970.38,1329.62,25,0
,5.0000,3.0000,2.5000,4.0000,1.5000,150,1029.67,18970.33,1329.67,25,0
,5.0000,3.0000,2.5000,4.0000,1.5000,150,1029.70,18970.30,1329.70,25,0
,5.0000,3.0000,2.5000,4.0000,1.5000,150,1029.73,18970.27,1329.73,25,0
,5.0000,3.0000,2.5000,4.0000,1.5000,150,1029.77,18970.23,1329.77,25,0
,5.0000,3.0000,2.5000,4.0000,1.5000,150,1029.80,18970.20,1329.80,25,0
,5.0000,3.0000,2.5000,4.0000,1.5000,150,1029.83,18970.17,1329.83,25,0
,5.0000,3.0000,2.5000,4.0000,1.5000,150,1029.87,18970.13,1329.87,25,0
,5.0000,3.0000,2.5000,4.0000,1.5000,150,1029.90,18970.10,1329.90,25,0
,5.0000,3.0000,2.5000,4.0000,1.5000,150,1029.93,18970.07,1329.93,25,0
,7.0000,4.2000,3.5000,5.6000,2.1000,150,1029.97,18970.03,1329.97,25,0
,5.0000,3.0000,2.5000,4.0000,1.5000,150,1030.01,18969.99,1330.01,25,0
,5.0000,3.0000,2.5000,4.0000,1.5000,150,1030.05,18969.95,1330.05,25,0
,5.0000,3.0000,2.5000,4.0000,1.5000,150,1030.08,18969.92,1330.08,25,0
,5.0000,3.0000,2.5000,4.0000,1.5000,150,1030.11,18969.89,1330.11,25,0
,5.0000,3.0000,2.5000,4.0000,1.5000,150,1030.15,18969.85,1330.15,25,0
,5.0000,3.0000,2.5000,4.0000,1.5000,150,1030.18,18969.82,1330.18,25,0
,5.0000,3.0000,2.5000,4.0000,1.5000,150,1030.21,18969.79,1330.21,25,0
,5.0000,3.0000,2.5000,4.0000,1.5000,150,1030.25,18969.75,1330.25,25,0
,5.0000,3.0000,2.5000,4.0000,1.5000,150,1030.28,18969.72,1330.28,25,0
,7.0000,4.2000,3.5000,5.6000,2.1000,150,1030.31,18969.69,1330.31,25,0
,5.0000,3.0000,2.5000,4.0000,1.5000,150,1030.36,18969.64,1330.36,25,0
,5.0000,3.0000,2.5000,4.0000,1.5000,150,1030.39,18969.61,1330.39,25,0
,5.0000,3.0000,2.5000,4.0000,1.5000,150,1030.43,18969.57,1330.43,25,0
,5.0000,3.0000,2.5000,4.0000,1.5000,150,1030.46,18969.54,1330.46,25,0
,5.0000,3.0000,2.5000,4.0000,1.5000,150,1030.49,18969.51,1330.49,25,0
,5.0000,3.0000,2.5000,4.0000,1.5000,150,1030.53,18969.47,1330.53,25,0
,5.0000,3.0000,2.5000,4.0000,1.5000,150,1030.56,18969.44,1330.56,25,0
,5.0000,3.0000,2.5000,4.0000,1.5000,150,1030.59,18969.41,1330.59,25,0
,5.0000,3.0000,2.5000,4.0000,1.5000,150,1030.63,18969.37,1330.63,25,0
,7.0000,4.2000,3.5000,5.6000,2.1000,150,1030.66,18969.34,1330.66,25,0
,5.0000,3.0000,2.5000,4.0000,1.5000,150,1030.71,18969.29,1330.71,25,0
,5.0000,3.0000,2.5000,4.0000,1.5000,150,1030.74,18969.26,1330.74,25,0
,5.0000,3.0000,2.5000,4.0000,1.5000,150,1030.77,18969.23,1330.77,25,0
,5.0000,3.0000,2.5000,4.0000,1.5000,150,1030.81,18969.19,1330.81,25,0
,5.0000,3.0000,2.5000,4.0000,1.5000,150,1030.84,18969.16,1330.84,25,0
,5.0000,3.0000,2.5000,4.0000,1.5000,150,1030.87,18969.13,1330.87,25,0
,5.0000,3.0000,2.5000,4.0000,1.5000,150,1030.91,18969.09,1330.91,25,0
,5.0000,3.0000,2.5000,4.0000,1.5000,150,1030.94,18969.06,1330.94,25,0
,5.0000,3.0000,2.5000,4.0000,1.5000,150,1030.97,18969.03,1330.97,25,0
,7.0000,4.2000,3.5000,5.6000,2.1000,150,1031.01,18968.99,1331.01,25,0
,5.0000,3.0000,2.5000,4.0000,1.5000,150,1031.05,18968.95,1331.05,25,0
,5.0000,3.0000,2.5000,4.0000,1.5000,150,1031.09,18968.91,1331.09,25,0
,5.0000,3.0000,2.5000,4.0000,1.5000,150,1031.12,18968.88,1331.12,25,0
,5.0000,3.0000,2.5000,4.0000,1.5000,150,1031.15,18968.85,1331.15,25,0
,5.0000,3.0000,2.5000,4.0000,1.5000,150,1031.19,18968.81,1331.19,25,0
,5.0000,3.0000,2.5000,4.0000,1.5000,150,1031.22,18968.78,1331.22,25,0
,5.0000,3.0000,2.5000,4.0000,1.5000,150,1031.25,18968.75,1331.25,25,0
,5.0000,3.0000,2.5000,4.0000,1.5000,150,1031.29,18968.71,1331.29,25,0
,5.0000,3.0000,2.5000,4.0000,1.5000,150,1031.32,18968.68,1331.32,25,0
,7.0000,4.2000,3.5000,5.6000,2.1000,150,1031.35,18968.65,1331.35,25,0
,5.0000,3.0000,2.5000,4.0000,1.5000,150,1031.40,18968.60,1331.40,25,0
,5.0000,3.0000,2.5000,4.0000,1.5000,150,1031.43,18968.57,1331.43,25,0
,5.0000,3.0000,2.5000,4.0000,1.5000,150,1031.47,18968.53,1331.47,25,0
,5.0000,3.0000,2.5000,4.0000,1.5000,150,1031.50,18968.50,1331.50,25,0
,5.0000,3.0000,2.5000,4.0000,1.5000,150,1031.53,18968.47,1331.53,25,0
,5.0000,3.0000,2.5000,4.0000,1.5000,150,1031.57,18968.43,1331.57,25,0
,5.0000,3.0000,2.5000,4.0000,1.5000,150,1031.60,18968.40,1331.60,25,0
,5.0000,3.0000,2.5000,4.0000,1.5000,150,1031.63,18968.37,1331.63,25,0
,5.0000,3.0000,2.5000,4.0000,1.5000,150,1031.67,18968.33,1331.67,25,0
,7.0000,4.2000,3.5000,5.6000,2.1000,150,1031.70,18968.30,1331.70,25,0
,5.0000,3.0000,2.5000,4.0000,1.5000,150,1031.75,18968.25,1331.75,25,0
,5.0000,3.0000,2.5000,4.0000,1.5000,150,1031.78,18968.22,1331.78,25,0
,5.0000,3.0000,2.5000,4.0000,1.5000,150,1031.81,18968.19,1331.81,25,0
,5.0000,3.0000,2.5000,4.0000,1.5000,150,1031.85,18968.15,1331.85,25,0
,5.0000,3.0000,2.5000,4.0000,1.5000,150,1031.88,18968.12,1331.88,25,0
,5.0000,3.0000,2.5000,4.0000,1.5000,150,1031.91,18968.09,1331.91,25,0
,5.0000,3.0000,2.5000,4.0000,1.5000,150,1031.95,18968.05,1331.95,25,0
,5.0000,3.0000,2.5000,4.0000,1.5000,150,1031.98,18968.02,1331.98,25,0
,5.0000,3.0000,2.5000,4.0000,1.5000,150,1032.01,18967.99,1332.01,25,0
,7.0000,4.2000,3.5000,5.6000,2.1000,150,1032.05,18967.95,1332.05,25,0
,5.0000,3.0000,2.5000,4.0000,1.5000,150,1032.09,18967.91,1332.09,25,0
,5.0000,3.0000,2.5000,4.0000,1.5000,150,1032.13,18967.87,1332.13,25,0
,5.0000,3.0000,2.5000,4.0000,1.5000,150,1032.16,18967.84,1332.16,25,0
,5.0000,3.0000,2.5000,4.0000,1.5000,150,1032.19,18967.81,1332.19,25,0
,5.0000,3.0000,2.5000,4.0000,1.5000,150,1032.23,18967.77,1332.23,25,0
,5.0000,3.0000,2.5000,4.0000,1.5000,150,1032.26,18967.74,1332.26,25,0
,5.0000,3.0000,2.5000,4.0000,1.5000,150,1032.29,18967.71,1332.29,25,0
,5.0000,3.0000,2.5000,4.0000,1.5000,150,1032.33,18967.67,1332.33,25,0
,5.0000,3.0000,2.5000,4.0000,1.5000,150,1032.36,18967.64,1332.36,25,0
,7.0000,4.2000,3.5000,5.6000,2.1000,150,1032.39,18967.61,1332.39,25,0
,5.0000,3.0000,2.5000,4.0000,1.5000,150,1032.44,18967.56,1332.44,25,0
,5.0000,3.0000,2.5000,4.0000,1.5000,150,1032.47,18967.53,1332.47,25,0
,5.0000,3.0000,2.5000,4.0000,1.5000,150,1032.51,18967.49,1332.51,25,0
,5.0000,3.0000,2.5000,4.0000,1.5000,150,1032.54,18967.46,1332.54,25,0
,5.0000,3.0000,2.5000,4.0000,1.5000,150,1032.57,18967.43,1332.57,25,0
,5.0000,3.0000,2.5000,4.0000,1.5000,150,1032.61,18967.39,1332.61,25,0
,5.0000,3.0000,2.5000,4.0000,1.5000,150,1032.64,18967.36,1332.64,25,0
,5.0000,3.0000,2.5000,4.0000,1.5000,150,1032.67,18967.33,1332.67,25,0
,5.0000,3.0000,2.5000,4.0000,1.5000,150,1032.71,18967.29,1332.71,25,0
,7.0000,4.2000,3.5000,5.6000,2.1000,150,1032.74,18967.26,1332.74,25,0
,5.0000,3.0000,2.5000,4.0000,1.5000,150,1032.79,18967.21,1332.79,25,0
,5.0000,3.0000,2.5000,4.0000,1.5000,150,1032.82,18967.18,1332.82,25,0
,5.0000,3.0000,2.5000,4.0000,1.5000,150,1032.85,18967.15,1332.85,25,0
,5.0000,3.0000,2.5000,4.0000,1.5000,150,1032.89,18967.11,1332.89,25,0
,5.0000,3.0000,2.5000,4.0000,1.5000,150,1032.92,18967.08,1332.92,25,0
,5.0000,3.0000,2.5000,4.0000,1.5000,150,1032.95,18967.05,1332.95,25,0
,5.0000,3.0000,2.5000,4.0000,1.5000,150,1032.99,18967.01,1332.99,25,0
,5.0000,3.0000,2.5000,4.0000,1.5000,150,1033.02,18966.98,1333.02,25,0
,5.0000,3.0000,2.5000,4.0000,1.5000,150,1033.05,18966.95,1333.05,25,0
,7.0000,4.2000,3.5000,5.6000,2.1000,150,1033.09,18966.91,1333.09,25,0
,5.0000,3.0000,2.5000,4.0000,1.5000,150,1033.13,18966.87,1333.13,25,0
,5.0000,3.0000,2.5000,4.0000,1.5000,150,1033.17,18966.83,1333.17,25,0
,5.0000,3.0000,2.5000,4.0000,1.5000,150,1033.20,18966.80,1333.20,25,0
,5.0000,3.0000,2.5000,4.0000,1.5000,150,1033.23,18966.77,1333.23,25,0
,5.0000,3.0000,2.5000,4.0000,1.5000,150,1033.27,18966.73,1333.27,25,0
,5.0000,3.0000,2.5000,4.0000,1.5000,150,1033.30,18966.70,1333.30,25,0
,5.0000,3.0000,2.5000,4.0000,1.5000,150,1033.33,18966.67,1333.33,25,0
,5.0000,3.0000,2.5000,4.0000,1.5000,150,1033.37,18966.63,1333.37,25,0
,5.0000,3.0000,2.5000,4.0000,1.5000,150,1033.40,18966.60,1333.40,25,0
,7.0000,4.2000,3.5000,5.6000,2.1000,150,1033.43,18966.57,1333.43,25,0
,5.0000,3.0000,2.5000,4.0000,1.5000,150,1033.48,18966.52,1333.48,25,0
,5.0000,3.0000,2.5000,4.0000,1.5000,150,1033.51,18966.49,1333.51,25,0
,5.0000,3.0000,2.5000,4.0000,1.5000,150,1033.55,18966.45,1333.55,25,0
,5.0000,3.0000,2.5000,4.0000,1.5000,150,1033.58,18966.42,1333.58,25,0
,5.0000,3.0000,2.5000,4.0000,1.5000,150,1033.61,18966.39,1333.61,25,0
,5.0000,3.0000,2.5000,4.0000,1.5000,150,1033.65,18966.35,1333.65,25,0
,5.0000,3.0000,2.5000,4.0000,1.5000,150,1033.68,18966.32,1333.68,25,0
,5.0000,3.0000,2.5000,4.0000,1.5000,150,1033.71,18966.29,1333.71,25,0
,5.0000,3.0000,2.5000,4.0000,1.5000,150,1033.75,18966.25,1333.75,25,0
,7.0000,4.2000,3.5000,5.6000,2.1000,150,1033.78,18966.22,1333.78,25,0
,5.0000,3.0000,2.5000,4.0000,1.5000,150,1033.83,18966.17,1333.83,25,0
,5.0000,3.0000,2.5000,4.0000,1.5000,150,1033.86,18966.14,1333.86,25,0
,5.0000,3.0000,2.5000,4.0000,1.5000,150,1033.89,18966.11,1333.89,25,0
,5.0000,3.0000,2.5000,4.0000,1.5000,150,1033.93,18966.07,1333.93,25,0
,5.0000,3.0000,2.5000,4.0000,1.5000,150,1033.96,18966.04,1333.96,25,0
,5.0000,3.0000,2.5000,4.0000,1.5000,150,1033.99,18966.01,1333.99,25,0
,5.0000,3.0000,2.5000,4.0000,1.5000,150,1034.03,18965.97,1334.03,25,0
,5.0000,3.0000,2.5000,4.0000,1.5000,150,1034.06,18965.94,1334.06,25,0
,5.0000,3.0000,2.5000,4.0000,1.5000,150,1034.09,18965.91,1334.09,25,0
,7.0000,4.2000,3.5000,5.6000,2.1000,150,1034.13,18965.87,1334.13,25,0
,5.0000,3.0000,2.5000,4.0000,1.5000,150,1034.17,18965.83,1334.17,25,0
,5.0000,3.0000,2.5000,4.0000,1.5000,150,1034.21,18965.79,1334.21,25,0
,5.0000,3.0000,2.5000,4.0000,1.5000,150,1034.24,18965.76,1334.24,25,0
,5.0000,3.0000,2.5000,4.0000,1.5000,150,1034.27,18965.73,1334.27,25,0
,5.0000,3.0000,2.5000,4.0000,1.5000,150,1034.31,18965.69,1334.31,25,0
,5.0000,3.0000,2.5000,4.0000,1.5000,150,1034.34,18965.66,1334.34,25,0
,5.0000,3.0000,2.5000,4.0000,1.5000,150,1034.37,18965.63,1334.37,25,0
,5.0000,3.0000,2.5000,4.0000,1.5000,150,1034.41,18965.59,1334.41,25,0
,5.0000,3.0000,2.5000,4.0000,1.5000,150,1034.44,18965.56,1334.44,25,0
,7.0000,4.2000,3.5000,5.6000,2.1000,150,1034.47,18965.53,1334.47,25,0
,5.0000,3.0000,2.5000,4.0000,1.5000,150,1034.52,18965.48,1334.52,25,0
,5.0000,3.0000,2.5000,4.0000,1.5000,150,1034.55,18965.45,1334.55,25,0
,5.0000,3.0000,2.5000,4.0000,1.5000,150,1034.59,18965.41,1334.59,25,0
,5.0000,3.0000,2.5000,4.0000,1.5000,150,1034.62,18965.38,1334.62,25,0
,5.0000,3.0000,2.5000,4.0000,1.5000,150,1034.65,18965.35,1334.65,25,0
,5.0000,3.0000,2.5000,4.0000,1.5000,150,1034.69,18965.31,1334.69,25,0
,5.0000,3.0000,2.5000,4.0000,1.5000,150,1034.72,18965.28,1334.72,25,0
,5.0000,3.0000,2.5000,4.0000,1.5000,150,1034.75,18965.25,1334.75,25,0
,5.0000,3.0000,2.5000,4.0000,1.5000,150,1034.79,18965.21,1334.79,25,0
,7.0000,4.2000,3.5000,5.6000,2.1000,150,1034.82,18965.18,1334.82,25,0
,5.0000,3.0000,2.5000,4.0000,1.5000,150,1034.87,18965.13,1334.87,25,0
,5.0000,3.0000,2.5000,4.0000,1.5000,150,1034.90,18965.10,1334.90,25,0
,5.0000,3.0000,2.5000,4.0000,1.5000,150,1034.93,18965.07,1334.93,25,0
,5.0000,3.0000,2.5000,4.0000,1.5000,150,1034.97,18965.03,1334.97,25,0
,5.0000,3.0000,2.5000,4.0000,1.5000,150,1035.00,18965.00,1335.00,25,0
,5.0000,3.0000,2.5000,4.0000,1.5000,150,1035.03,18964.97,1335.03,25,0
,5.0000,3.0000,2.5000,4.0000,1.5000,150,1035.07,18964.93,1335.07,25,0
,5.0000,3.0000,2.5000,4.0000,1.5000,150,1035.10,18964.90,1335.10,25,0
,5.0000,3.0000,2.5000,4.0000,1.5000,150,1035.13,18964.87,1335.13,25,0
,7.0000,4.2000,3.5000,5.6000,2.1000,150,1035.17,18964.83,1335.17,25,0
,5.0000,3.0000,2.5000,4.0000,1.5000,150,1035.21,18964.79,1335.21,25,0
,5.0000,3.0000,2.5000,4.0000,1.5000,150,1035.25,18964.75,1335.25,25,0
,5.0000,3.0000,2.5000,4.0000,1.5000,150,1035.28,18964.72,1335.28,25,0
,5.0000,3.0000,2.5000,4.0000,1.5000,150,1035.31,18964.69,1335.31,25,0
,5.0000,3.0000,2.5000,4.0000,1.5000,150,1035.35,18964.65,1335.35,25,0
,5.0000,3.0000,2.5000,4.0000,1.5000,150,1035.38,18964.62,1335.38,25,0
,5.0000,3.0000,2.5000,4.0000,1.5000,150,1035.41,18964.59,1335.41,25,0
,5.0000,3.0000,2.5000,4.0000,1.5000,150,1035.45,18964.55,1335.45,25,0
,5.0000,3.0000,2.5000,4.0000,1.5000,150,1035.48,18964.52,1335.48,25,0
,7.0000,4.2000,3.5000,5.6000,2.1000,150,1035.51,18964.49,1335.51,25,0
,5.0000,3.0000,2.5000,4.0000,1.5000,150,1035.56,18964.44,1335.56,25,0
,5.0000,3.0000,2.5000,4.0000,1.5000,150,1035.59,18964.41,1335.59,25,0
,5.0000,3.0000,2.5000,4.0000,1.5000,150,1035.63,18964.37,1335.63,25,0
,5.0000,3.0000,2.5000,4.0000,1.5000,150,1035.66,18964.34,1335.66,25,0
,5.0000,3.0000,2.5000,4.0000,1.5000,150,1035.69,18964.31,1335.69,25,0
,5.0000,3.0000,2.5000,4.0000,1.5000,150,1035.73,18964.27,1335.73,25,0
,5.0000,3.0000,2.5000,4.0000,1.5000,150,1035.76,18964.24,1335.76,25,0
,5.0000,3.0000,2.5000,4.0000,1.5000,150,1035.79,18964.21,1335.79,25,0
,5.0000,3.0000,2.5000,4.0000,1.5000,150,1035.83,18964.17,1335.83,25,0
,7.0000,4.2000,3.5000,5.6000,2.1000,150,1035.86,18964.14,1335.86,25,0
,5.0000,3.0000,2.5000,4.0000,1.5000,150,1035.91,18964.09,1335.91,25,0
,5.0000,3.0000,2.5000,4.0000,1.5000,150,1035.94,18964.06,1335.94,25,0
,5.0000,3.0000,2.5000,4.0000,1.5000,150,1035.97,18964.03,1335.97,25,0
,5.0000,3.0000,2.5000,4.0000,1.5000,150,1036.01,18963.99,1336.01,25,0
,5.0000,3.0000,2.5000,4.0000,1.5000,150,1036.04,18963.96,1336.04,25,0
,5.0000,3.0000,2.5000,4.0000,1.5000,150,1036.07,18963.93,1336.07,25,0
,5.0000,3.0000,2.5000,4.0000,1.5000,150,1036.11,18963.89,1336.11,25,0
,5.0000,3.0000,2.5000,4.0000,1.5000,150,1036.14,18963.86,1336.14,25,0
,5.0000,3.0000,2.5000,4.0000,1.5000,150,1036.17,18963.83,1336.17,25,0
,7.0000,4.2000,3.5000,5.6000,2.1000,150,1036.21,18963.79,1336.21,25,0
,5.0000,3.0000,2.5000,4.0000,1.5000,150,1036.25,18963.75,1336.25,25,0
,5.0000,3.0000,2.5000,4.0000,1.5000,150,1036.29,18963.71,1336.29,25,0
,5.0000,3.0000,2.5000,4.0000,1.5000,150,1036.32,18963.68,1336.32,25,0
,5.0000,3.0000,2.5000,4.0000,1.5000,150,1036.35,18963.65,1336.35,25,0
,5.0000,3.0000,2.5000,4.0000,1.5000,150,1036.39,18963.61,1336.39,25,0
,5.0000,3.0000,2.5000,4.0000,1.5000,150,1036.42,18963.58,1336.42,25,0
,5.0000,3.0000,2.5000,4.0000,1.5000,150,1036.45,18963.55,1336.45,25,0
,5.0000,3.0000,2.5000,4.0000,1.5000,150,1036.49,18963.51,1336.49,25,0
,5.0000,3.0000,2.5000,4.0000,1.5000,150,1036.52,18963.48,1336.52,25,0
,7.0000,4.2000,3.5000,5.6000,2.1000,150,1036.55,18963.45,1336.55,25,0
,5.0000,3.0000,2.5000,4.0000,1.5000,150,1036.60,18963.40,1336.60,25,0
,5.0000,3.0000,2.5000,4.0000,1.5000,150,1036.63,18963.37,1336.63,25,0
,5.0000,3.0000,2.5000,4.0000,1.5000,150,1036.67,18963.33,1336.67,25,0
,36.0000,21.6000,34.9200,28.8000,10.8000,150,1036.70,18963.30,1336.70,25,2
,5.0000,3.0000,2.5000,4.0000,1.5000,150,1036.94,18963.06,1336.94,25,0
,5.0000,3.0000,2.5000,4.0000,1.5000,150,1036.97,18963.03,1336.97,25,0
,5.0000,3.0000,2.5000,4.0000,1.5000,150,1037.01,18962.99,1337.01,25,0
,5.0000,3.0000,2.5000,4.0000,1.5000,150,1037.04,18962.96,1337.04,25,0
,5.0000,3.0000,2.5000,4.0000,1.5000,150,1037.07,18962.93,1337.07,25,0
,7.0000,4.2000,3.5000,5.6000,2.1000,150,1037.11,18962.89,1337.11,25,0
,5.0000,3.0000,2.5000,4.0000,1.5000,150,1037.15,18962.85,1337.15,25,0
,5.0000,3.0000,2.5000,4.0000,1.5000,150,1037.19,18962.81,1337.19,25,0
,5.0000,3.0000,2.5000,4.0000,1.5000,150,1037.22,18962.78,1337.22,25,0
,5.0000,3.0000,2.5000,4.0000,1.5000,150,1037.25,18962.75,1337.25,25,0
,5.0000,3.0000,2.5000,4.0000,1.5000,150,1037.29,18962.71,1337.29,25,0
,5.0000,3.0000,2.5000,4.0000,1.5000,150,1037.32,18962.68,1337.32,25,0
,5.0000,3.0000,2.5000,4.0000,1.5000,150,1037.35,18962.65,1337.35,25,0
,5.0000,3.0000,2.5000,4.0000,1.5000,150,1037.39,18962.61,1337.39,25,0
,5.0000,3.0000,2.5000,4.0000,1.5000,150,1037.42,18962.58,1337.42,25,0
,7.0000,4.2000,3.5000,5.6000,2.1000,150,1037.45,18962.55,1337.45,25,0
,5.0000,3.0000,2.5000,4.0000,1.5000,150,1037.50,18962.50,1337.50,25,0
,5.0000,3.0000,2.5000,4.0000,1.5000,150,1037.53,18962.47,1337.53,25,0
,5.0000,3.0000,2.5000,4.0000,1.5000,150,1037.57,18962.43,1337.57,25,0
,5.0000,3.0000,2.5000,4.0000,1.5000,150,1037.60,18962.40,1337.60,25,0
,5.0000,3.0000,2.5000,4.0000,1.5000,150,1037.63,18962.37,1337.63,25,0
,5.0000,3.0000,2.5000,4.0000,1.5000,150,1037.67,18962.33,1337.67,25,0
,5.0000,3.0000,2.5000,4.0000,1.5000,150,1037.70,18962.30,1337.70,25,0
,5.0000,3.0000,2.5000,4.0000,1.5000,150,1037.73,18962.27,1337.73,25,0
,5.0000,3.0000,2.5000,4.0000,1.5000,150,1037.77,18962.23,1337.77,25,0
,7.0000,4.2000,3.5000,5.6000,2.1000,150,1037.80,18962.20,1337.80,25,0
,5.0000,3.0000,2.5000,4.0000,1.5000,150,1037.85,18962.15,1337.85,25,0
,5.0000,3.0000,2.5000,4.0000,1.5000,150,1037.88,18962.12,1337.88,25,0
,5.0000,3.0000,2.5000,4.0000,1.5000,150,1037.91,18962.09,1337.91,25,0
,5.0000,3.0000,2.5000,4.0000,1.5000,150,1037.95,18962.05,1337.95,25,0
,5.0000,3.0000,2.5000,4.0000,1.5000,150,1037.98,18962.02,1337.98,25,0
,5.0000,3.0000,2.5000,4.0000,1.5000,150,1038.01,18961.99,1338.01,25,0
,5.0000,3.0000,2.5000,4.0000,1.5000,150,1038.05,18961.95,1338.05,25,0
,5.0000,3.0000,2.5000,4.0000,1.5000,150,1038.08,18961.92,1338.08,25,0
,5.0000,3.0000,2.5000,4.0000,1.5000,150,1038.11,18961.89,1338.11,25,0
,7.0000,4.2000,3.5000,5.6000,2.1000,150,1038.15,18961.85,1338.15,25,0
,5.0000,3.0000,2.5000,4.0000,1.5000,150,1038.19,18961.81,1338.19,25,0
,5.0000,3.0000,2.5000,4.0000,1.5000,150,1038.23,18961.77,1338.23,25,0
,5.0000,3.0000,2.5000,4.0000,1.5000,150,1038.26,18961.74,1338.26,25,0
,5.0000,3.0000,2.5000,4.0000,1.5000,150,1038.29,18961.71,1338.29,25,0
,5.0000,3.0000,2.5000,4.0000,1.5000,150,1038.33,18961.67,1338.33,25,0
,5.0000,3.0000,2.5000,4.0000,1.5000,150,1038.36,18961.64,1338.36,25,0
,5.0000,3.0000,2.5000,4.0000,1.5000,150,1038.39,18961.61,1338.39,25,0
,5.0000,3.0000,2.5000,4.0000,1.5000,150,1038.43,18961.57,1338.43,25,0
,5.0000,3.0000,2.5000,4.0000,1.5000,150,1038.46,18961.54,1338.46,25,0
,7.0000,4.2000,3.5000,5.6000,2.1000,150,1038.49,18961.51,1338.49,25,0
,5.0000,3.0000,2.5000,4.0000,1.5000,150,1038.54,18961.46,1338.54,25,0
,5.0000,3.0000,2.5000,4.0000,1.5000,150,1038.57,18961.43,1338.57,25,0
,5.0000,3.0000,2.5000,4.0000,1.5000,150,1038.61,18961.39,1338.61,25,0
,5.0000,3.0000,2.5000,4.0000,1.5000,150,1038.64,18961.36,1338.64,25,0
,5.0000,3.0000,2.5000,4.0000,1.5000,150,1038.67,18961.33,1338.67,25,0
,5.0000,3.0000,2.5000,4.0000,1.5000,150,1038.71,18961.29,1338.71,25,0
,5.0000,3.0000,2.5000,4.0000,1.5000,150,1038.74,18961.26,1338.74,25,0
,5.0000,3.0000,2.5000,4.0000,1.5000,150,1038.77,18961.23,1338.77,25,0
,5.0000,3.0000,2.5000,4.0000,1.5000,150,1038.81,18961.19,1338.81,25,0
,7.0000,4.2000,3.5000,5.6000,2.1000,150,1038.84,18961.16,1338.84,25,0
,5.0000,3.0000,2.5000,4.0000,1.5000,150,1038.89,18961.11,1338.89,25,0
,5.0000,3.0000,2.5000,4.0000,1.5000,150,1038.92,18961.08,1338.92,25,0
,5.0000,3.0000,2.5000,4.0000,1.5000,150,1038.95,18961.05,1338.95,25,0
,5.0000,3.0000,2.5000,4.0000,1.5000,150,1038.99,18961.01,1338.99,25,0
,5.0000,3.0000,2.5000,4.0000,1.5000,150,1039.02,18960.98,1339.02,25,0
,5.0000,3.0000,2.5000,4.0000,1.5000,150,1039.05,18960.95,1339.05,25,0
,5.0000,3.0000,2.5000,4.0000,1.5000,150,1039.09,18960.91,1339.09,25,0
,5.0000,3.0000,2.5000,4.0000,1.5000,150,1039.12,18960.88,1339.12,25,0
,5.0000,3.0000,2.5000,4.0000,1.5000,150,1039.15,18960.85,1339.15,25,0
,7.0000,4.2000,3.5000,5.6000,2.1000,150,1039.19,18960.81,1339.19,25,0
,5.0000,3.0000,2.5000,4.0000,1.5000,150,1039.23,18960.77,1339.23,25,0
,5.0000,3.0000,2.5000,4.0000,1.5000,150,1039.27,18960.73,1339.27,25,0
,5.0000,3.0000,2.5000,4.0000,1.5000,150,1039.30,18960.70,1339.30,25,0
,5.0000,3.0000,2.5000,4.0000,1.5000,150,1039.33,18960.67,1339.33,25,0
,5.0000,3.0000,2.5000,4.0000,1.5000,150,1039.37,18960.63,1339.37,25,0
,5.0000,3.0000,2.5000,4.0000,1.5000,150,1039.40,18960.60,1339.40,25,0
,5.0000,3.0000,2.5000,4.0000,1.5000,150,1039.43,18960.57,1339.43,25,0
,5.0000,3.0000,2.5000,4.0000,1.5000,150,1039.47,18960.53,1339.47,25,0
,5.0000,3.0000,2.5000,4.0000,1.5000,150,1039.50,18960.50,1339.50,25,0
,7.0000,4.2000,3.5000,5.6000,2.1000,150,1039.53,18960.47,1339.53,25,0
,5.0000,3.0000,2.5000,4.0000,1.5000,150,1039.58,18960.42,1339.58,25,0
,5.0000,3.0000,2.5000,4.0000,1.5000,150,1039.61,18960.39,1339.61,25,0
,5.0000,3.0000,2.5000,4.0000,1.5000,150,1039.65,18960.35,1339.65,25,0
,5.0000,3.0000,2.5000,4.0000,1.5000,150,1039.68,18960.32,1339.68,25,0
,5.0000,3.0000,2.5000,4.0000,1.5000,150,1039.71,18960.29,1339.71,25,0
,5.0000,3.0000,2.5000,4.0000,1.5000,150,1039.75,18960.25,1339.75,25,0
,5.0000,3.0000,2.5000,4.0000,1.5000,150,1039.78,18960.22,1339.78,25,0
,5.0000,3.0000,2.5000,4.0000,1.5000,150,1039.81,18960.19,1339.81,25,0
,5.0000,3.0000,2.5000,4.0000,1.5000,150,1039.85,18960.15,1339.85,25,0
,7.0000,4.2000,3.5000,5.6000,2.1000,150,1039.88,18960.12,1339.88,25,0
,5.0000,3.0000,2.5000,4.0000,1.5000,150,1039.93,18960.07,1339.93,25,0
,5.0000,3.0000,2.5000,4.0000,1.5000,150,1039.96,18960.04,1339.96,25,0
,5.0000,3.0000,2.5000,4.0000,1.5000,150,1039.99,18960.01,1339.99,25,0
,5.0000,3.0000,2.5000,4.0000,1.5000,150,1040.03,18959.97,1340.03,25,0
,5.0000,3.0000,2.5000,4.0000,1.5000,150,1040.06,18959.94,1340.06,25,0
,5.0000,3.0000,2.5000,4.0000,1.5000,150,1040.09,18959.91,1340.09,25,0
,5.0000,3.0000,2.5000,4.0000,1.5000,150,1040.13,18959.87,1340.13,25,0
,5.0000,3.0000,2.5000,4.0000,1.5000,150,1040.16,18959.84,1340.16,25,0
,5.0000,3.0000,2.5000,4.0000,1.5000,150,1040.19,18959.81,1340.19,25,0
,7.0000,4.2000,3.5000,5.6000,2.1000,150,1040.23,18959.77,1340.23,25,0
,5.0000,3.0000,2.5000,4.0000,1.5000,150,1040.27,18959.73,1340.27,25,0
,5.0000,3.0000,2.5000,4.0000,1.5000,150,1040.31,18959.69,1340.31,25,0
,5.0000,3.0000,2.5000,4.0000,1.5000,150,1040.34,18959.66,1340.34,25,0
,5.0000,3.0000,2.5000,4.0000,1.5000,150,1040.37,18959.63,1340.37,25,0
,5.0000,3.0000,2.5000,4.0000,1.5000,150,1040.41,18959.59,1340.41,25,0
,5.0000,3.0000,2.5000,4.0000,1.5000,150,1040.44,18959.56,1340.44,25,0
,5.0000,3.0000,2.5000,4.0000,1.5000,150,1040.47,18959.53,1340.47,25,0
,5.0000,3.0000,2.5000,4.0000,1.5000,150,1040.51,18959.49,1340.51,25,0
,5.0000,3.0000,2.5000,4.0000,1.5000,150,1040.54,18959.46,1340.54,25,0
,7.0000,4.2000,3.5000,5.6000,2.1000,150,1040.57,18959.43,1340.57,25,0
,5.0000,3.0000,2.5000,4.0000,1.5000,150,1040.62,18959.38,1340.62,25,0
,5.0000,3.0000,2.5000,4.0000,1.5000,150,1040.65,18959.35,1340.65,25,0
,5.0000,3.0000,2.5000,4.0000,1.5000,150,1040.69,18959.31,1340.69,25,0
,5.0000,3.0000,2.5000,4.0000,1.5000,150,1040.72,18959.28,1340.72,25,0
,5.0000,3.0000,2.5000,4.0000,1.5000,150,1040.75,18959.25,1340.75,25,0
,5.0000,3.0000,2.5000,4.0000,1.5000,150,1040.79,18959.21,1340.79,25,0
,5.0000,3.0000,2.5000,4.0000,1.5000,150,1040.82,18959.18,1340.82,25,0
,5.0000,3.0000,2.5000,4.0000,1.5000,150,1040.85,18959.15,1340.85,25,0
,5.0000,3.0000,2.5000,4.0000,1.5000,150,1040.89,18959.11,1340.89,25,0
,7.0000,4.2000,3.5000,5.6000,2.1000,150,1040.92,18959.08,1340.92,25,0
,5.0000,3.0000,2.5000,4.0000,1.5000,150,1040.97,18959.03,1340.97,25,0
,5.0000,3.0000,2.5000,4.0000,1.5000,150,1041.00,18959.00,1341.00,25,0
,5.0000,3.0000,2.5000,4.0000,1.5000,150,1041.03,18958.97,1341.03,25,0
,5.0000,3.0000,2.5000,4.0000,1.5000,150,1041.07,18958.93,1341.07,25,0
,5.0000,3.0000,2.5000,4.0000,1.5000,150,1041.10,18958.90,1341.10,25,0
,5.0000,3.0000,2.5000,4.0000,1.5000,150,1041.13,18958.87,1341.13,25,0
,5.0000,3.0000,2.5000,4.0000,1.5000,150,1041.17,18958.83,1341.17,25,0
,5.0000,3.0000,2.5000,4.0000,1.5000,150,1041.20,18958.80,1341.20,25,0
,5.0000,3.0000,2.5000,4.0000,1.5000,150,1041.23,18958.77,1341.23,25,0
,7.0000,4.2000,3.5000,5.6000,2.1000,150,1041.27,18958.73,1341.27,25,0
,5.0000,3.0000,2.5000,4.0000,1.5000,150,1041.31,18958.69,1341.31,25,0
,5.0000,3.0000,2.5000,4.0000,1.5000,150,1041.35,18958.65,1341.35,25,0
,5.0000,3.0000,2.5000,4.0000,1.5000,150,1041.38,18958.62,1341.38,25,0
,5.0000,3.0000,2.5000,4.0000,1.5000,150,1041.41,18958.59,1341.41,25,0
,5.0000,3.0000,2.5000,4.0000,1.5000,150,1041.45,18958.55,1341.45,25,0
,5.0000,3.0000,2.5000,4.0000,1.5000,150,1041.48,18958.52,1341.48,25,0
,5.0000,3.0000,2.5000,4.0000,1.5000,150,1041.51,18958.49,1341.51,25,0
,5.0000,3.0000,2.5000,4.0000,1.5000,150,1041.55,18958.45,1341.55,25,0
,5.0000,3.0000,2.5000,4.0000,1.5000,150,1041.58,18958.42,1341.58,25,0
,7.0000,4.2000,3.5000,5.6000,2.1000,150,1041.61,18958.39,1341.61,25,0
,5.0000,3.0000,2.5000,4.0000,1.5000,150,1041.66,18958.34,1341.66,25,0
,5.0000,3.0000,2.5000,4.0000,1.5000,150,1041.69,18958.31,1341.69,25,0
,5.0000,3.0000,2.5000,4.0000,1.5000,150,1041.73,18958.27,1341.73,25,0
,5.0000,3.0000,2.5000,4.0000,1.5000,150,1041.76,18958.24,1341.76,25,0
,5.0000,3.0000,2.5000,4.0000,1.5000,150,1041.79,18958.21,1341.79,25,0
,5.0000,3.0000,2.5000,4.0000,1.5000,150,1041.83,18958.17,1341.83,25,0
,5.0000,3.0000,2.5000,4.0000,1.5000,150,1041.86,18958.14,1341.86,25,0
,5.0000,3.0000,2.5000,4.0000,1.5000,150,1041.89,18958.11,1341.89,25,0
,5.0000,3.0000,2.5000,4.0000,1.5000,150,1041.93,18958.07,1341.93,25,0
,7.0000,4.2000,3.5000,5.6000,2.1000,150,1041.96,18958.04,1341.96,25,0
,5.0000,3.0000,2.5000,4.0000,1.5000,150,1042.01,18957.99,1342.01,25,0
,5.0000,3.0000,2.5000,4.0000,1.5000,150,1042.04,18957.96,1342.04,25,0
,5.0000,3.0000,2.5000,4.0000,1.5000,150,1042.07,18957.93,1342.07,25,0
,5.0000,3.0000,2.5000,4.0000,1.5000,150,1042.11,18957.89,1342.11,25,0
,5.0000,3.0000,2.5000,4.0000,1.5000,150,1042.14,18957.86,1342.14,25,0
,5.0000,3.0000,2.5000,4.0000,1.5000,150,1042.17,18957.83,1342.17,25,0
,5.0000,3.0000,2.5000,4.0000,1.5000,150,1042.21,18957.79,1342.21,25,0
,5.0000,3.0000,2.5000,4.0000,1.5000,150,1042.24,18957.76,1342.24,25,0
,5.0000,3.0000,2.5000,4.0000,1.5000,150,1042.27,18957.73,1342.27,25,0
,7.0000,4.2000,3.5000,5.6000,2.1000,150,1042.31,18957.69,1342.31,25,0
,5.0000,3.0000,2.5000,4.0000,1.5000,150,1042.35,18957.65,1342.35,25,0
,5.0000,3.0000,2.5000,4.0000,1.5000,150,1042.39,18957.61,1342.39,25,0
,5.0000,3.0000,2.5000,4.0000,1.5000,150,1042.42,18957.58,1342.42,25,0
,5.0000,3.0000,2.5000,4.0000,1.5000,150,1042.45,18957.55,1342.45,25,0
,5.0000,3.0000,2.5000,4.0000,1.5000,150,1042.49,18957.51,1342.49,25,0
,5.0000,3.0000,2.5000,4.0000,1.5000,150,1042.52,18957.48,1342.52,25,0
,5.0000,3.0000,2.5000,4.0000,1.5000,150,1042.55,18957.45,1342.55,25,0
,5.0000,3.0000,2.5000,4.0000,1.5000,150,1042.59,18957.41,1342.59,25,0
,5.0000,3.0000,2.5000,4.0000,1.5000,150,1042.62,18957.38,1342.62,25,0
,7.0000,4.2000,3.5000,5.6000,2.1000,150,1042.65,18957.35,1342.65,25,0
,5.0000,3.0000,2.5000,4.0000,1.5000,150,1042.70,18957.30,1342.70,25,0
,5.0000,3.0000,2.5000,4.0000,1.5000,150,1042.73,18957.27,1342.73,25,0
,5.0000,3.0000,2.5000,4.0000,1.5000,150,1042.77,18957.23,1342.77,25,0
,5.0000,3.0000,2.5000,4.0000,1.5000,150,1042.80,18957.20,1342.80,25,0
,5.0000,3.0000,2.5000,4.0000,1.5000,150,1042.83,18957.17,1342.83,25,0
,5.0000,3.0000,2.5000,4.0000,1.5000,150,1042.87,18957.13,1342.87,25,0
,5.0000,3.0000,2.5000,4.0000,1.5000,150,1042.90,18957.10,1342.90,25,0
,5.0000,3.0000,2.5000,4.0000,1.5000,150,1042.93,18957.07,1342.93,25,0
,5.0000,3.0000,2.5000,4.0000,1.5000,150,1042.97,18957.03,1342.97,25,0
,7.0000,4.2000,3.5000,5.6000,2.1000,150,1043.00,18957.00,1343.00,25,0
,5.0000,3.0000,2.5000,4.0000,1.5000,150,1043.05,18956.95,1343.05,25,0
,5.0000,3.0000,2.5000,4.0000,1.5000,150,1043.08,18956.92,1343.08,25,0
,5.0000,3.0000,2.5000,4.0000,1.5000,150,1043.11,18956.89,1343.11,25,0
,5.0000,3.0000,2.5000,4.0000,1.5000,150,1043.15,18956.85,1343.15,25,0
,5.0000,3.0000,2.5000,4.0000,1.5000,150,1043.18,18956.82,1343.18,25,0
,5.0000,3.0000,2.5000,4.0000,1.5000,150,1043.21,18956.79,1343.21,25,0
,5.0000,3.0000,2.5000,4.0000,1.5000,150,1043.25,18956.75,1343.25,25,0
,5.0000,3.0000,2.5000,4.0000,1.5000,150,1043.28,18956.72,1343.28,25,0
,5.0000,3.0000,2.5000,4.0000,1.5000,150,1043.31,18956.69,1343.31,25,0
,7.0000,4.2000,3.5000,5.6000,2.1000,150,1043.35,18956.65,1343.35,25,0
,5.0000,3.0000,2.5000,4.0000,1.5000,150,1043.39,18956.61,1343.39,25,0
,5.0000,3.0000,2.5000,4.0000,1.5000,150,1043.43,18956.57,1343.43,25,0
,5.0000,3.0000,2.5000,4.0000,1.5000,150,1043.46,18956.54,1343.46,25,0
,5.0000,3.0000,2.5000,4.0000,1.5000,150,1043.49,18956.51,1343.49,25,0
,5.0000,3.0000,2.5000,4.0000,1.5000,150,1043.53,18956.47,1343.53,25,0
,5.0000,3.0000,2.5000,4.0000,1.5000,150,1043.56,18956.44,1343.56,25,0
,5.0000,3.0000,2.5000,4.0000,1.5000,150,1043.59,18956.41,1343.59,25,0
,5.0000,3.0000,2.5000,4.0000,1.5000,150,1043.63,18956.37,1343.63,25,0
,5.0000,3.0000,2.5000,4.0000,1.5000,150,1043.66,18956.34,1343.66,25,0
,7.0000,4.2000,3.5000,5.6000,2.1000,150,1043.69,18956.31,1343.69,25,0
,5.0000,3.0000,2.5000,4.0000,1.5000,150,1043.74,18956.26,1343.74,25,0
,5.0000,3.0000,2.5000,4.0000,1.5000,150,1043.77,18956.23,1343.77,25,0
,5.0000,3.0000,2.5000,4.0000,1.5000,150,1043.81,18956.19,1343.81,25,0
,5.0000,3.0000,2.5000,4.0000,1.5000,150,1043.84,18956.16,1343.84,25,0
,5.0000,3.0000,2.5000,4.0000,1.5000,150,1043.87,18956.13,1343.87,25,0
,5.0000,3.0000,2.5000,4.0000,1.5000,150,1043.91,18956.09,1343.91,25,0
,5.0000,3.0000,2.5000,4.0000,1.5000,150,1043.94,18956.06,1343.94,25,0
,5.0000,3.0000,2.5000,4.0000,1.5000,150,1043.97,18956.03,1343.97,25,0
,5.0000,3.0000,2.5000,4.0000,1.5000,150,1044.01,18955.99,1344.01,25,0
,7.0000,4.2000,3.5000,5.6000,2.1000,150,1044.04,18955.96,1344.04,25,0
,5.0000,3.0000,2.5000,4.0000,1.5000,150,1044.09,18955.91,1344.09,25,0
,5.0000,3.0000,2.5000,4.0000,1.5000,150,1044.12,18955.88,1344.12,25,0
,5.0000,3.0000,2.5000,4.0000,1.5000,150,1044.15,18955.85,1344.15,25,0
,5.0000,3.0000,2.5000,4.0000,1.5000,150,1044.19,18955.81,1344.19,25,0
,5.0000,3.0000,2.5000,4.0000,1.5000,150,1044.22,18955.78,1344.22,25,0
,5.0000,3.0000,2.5000,4.0000,1.5000,150,1044.25,18955.75,1344.25,25,0
,5.0000,3.0000,2.5000,4.0000,1.5000,150,1044.29,18955.71,1344.29,25,0
,5.0000,3.0000,2.5000,4.0000,1.5000,150,1044.32,18955.68,1344.32,25,0
,5.0000,3.0000,2.5000,4.0000,1.5000,150,1044.35,18955.65,1344.35,25,0
,7.0000,4.2000,3.5000,5.6000,2.1000,150,1044.39,18955.61,1344.39,25,0
,5.0000,3.0000,2.5000,4.0000,1.5000,150,1044.43,18955.57,1344.43,25,0
,5.0000,3.0000,2.5000,4.0000,1.5000,150,1044.47,18955.53,1344.47,25,0
,5.0000,3.0000,2.5000,4.0000,1.5000,150,1044.50,18955.50,1344.50,25,0
,5.0000,3.0000,2.5000,4.0000,1.5000,150,1044.53,18955.47,1344.53,25,0
,5.0000,3.0000,2.5000,4.0000,1.5000,150,1044.57,18955.43,1344.57,25,0
,5.0000,3.0000,2.5000,4.0000,1.5000,150,1044.60,18955.40,1344.60,25,0
,5.0000,3.0000,2.5000,4.0000,1.5000,150,1044.63,18955.37,1344.63,25,0
,5.0000,3.0000,2.5000,4.0000,1.5000,150,1044.67,18955.33,1344.67,25,0
,5.0000,3.0000,2.5000,4.0000,1.5000,150,1044.70,18955.30,1344.70,25,0
,7.0000,4.2000,3.5000,5.6000,2.1000,150,1044.73,18955.27,1344.73,25,0
,5.0000,3.0000,2.5000,4.0000,1.5000,150,1044.78,18955.22,1344.78,25,0
,5.0000,3.0000,2.5000,4.0000,1.5000,150,1044.81,18955.19,1344.81,25,0
,5.0000,3.0000,2.5000,4.0000,1.5000,150,1044.85,18955.15,1344.85,25,0
,5.0000,3.0000,2.5000,4.0000,1.5000,150,1044.88,18955.12,1344.88,25,0
,5.0000,3.0000,2.5000,4.0000,1.5000,150,1044.91,18955.09,1344.91,25,0
,5.0000,3.0000,2.5000,4.0000,1.5000,150,1044.95,18955.05,1344.95,25,0
,5.0000,3.0000,2.5000,4.0000,1.5000,150,1044.98,18955.02,1344.98,25,0
,5.0000,3.0000,2.5000,4.0000,1.5000,150,1045.01,18954.99,1345.01,25,0
,5.0000,3.0000,2.5000,4.0000,1.5000,150,1045.05,18954.95,1345.05,25,0
,7.0000,4.2000,3.5000,5.6000,2.1000,150,1045.08,18954.92,1345.08,25,0
,5.0000,3.0000,2.5000,4.0000,1.5000,150,1045.13,18954.87,1345.13,25,0
,5.0000,3.0000,2.5000,4.0000,1.5000,150,1045.16,18954.84,1345.16,25,0
,5.0000,3.0000,2.5000,4.0000,1.5000,150,1045.19,18954.81,1345.19,25,0
,5.0000,3.0000,2.5000,4.0000,1.5000,150,1045.23,18954.77,1345.23,25,0
,5.0000,3.0000,2.5000,4.0000,1.5000,150,1045.26,18954.74,1345.26,25,0
,5.0000,3.0000,2.5000,4.0000,1.5000,150,1045.29,18954.71,1345.29,25,0
,5.0000,3.0000,2.5000,4.0000,1.5000,150,1045.33,18954.67,1345.33,25,0
,5.0000,3.0000,2.5000,4.0000,1.5000,150,1045.36,18954.64,1345.36,25,0
,5.0000,3.0000,2.5000,4.0000,1.5000,150,1045.39,18954.61,1345.39,25,0
,7.0000,4.2000,3.5000,5.6000,2.1000,150,1045.43,18954.57,1345.43,25,0
,5.0000,3.0000,2.5000,4.0000,1.5000,150,1045.47,18954.53,1345.47,25,0
,5.0000,3.0000,2.5000,4.0000,1.5000,150,1045.51,18954.49,1345.51,25,0
,5.0000,3.0000,2.5000,4.0000,1.5000,150,1045.54,18954.46,1345.54,25,0
,5.0000,3.0000,2.5000,4.0000,1.5000,150,1045.57,18954.43,1345.57,25,0
,5.0000,3.0000,2.5000,4.0000,1.5000,150,1045.61,18954.39,1345.61,25,0
,5.0000,3.0000,2.5000,4.0000,1.5000,150,1045.64,18954.36,1345.64,25,0
,5.0000,3.0000,2.5000,4.0000,1.5000,150,1045.67,18954.33,1345.67,25,0
,5.0000,3.0000,2.5000,4.0000,1.5000,150,1045.71,18954.29,1345.71,25,0
,5.0000,3.0000,2.5000,4.0000,1.5000,150,1045.74,18954.26,1345.74,25,0
,7.0000,4.2000,3.5000,5.6000,2.1000,150,1045.77,18954.23,1345.77,25,0
,5.0000,3.0000,2.5000,4.0000,1.5000,150,1045.82,18954.18,1345.82,25,0
,5.0000,3.0000,2.5000,4.0000,1.5000,150,1045.85,18954.15,1345.85,25,0
,5.0000,3.0000,2.5000,4.0000,1.5000,150,1045.89,18954.11,1345.89,25,0
,5.0000,3.0000,2.5000,4.0000,1.5000,150,1045.92,18954.08,1345.92,25,0
,5.0000,3.0000,2.5000,4.0000,1.5000,150,1045.95,18954.05,1345.95,25,0
,5.0000,3.0000,2.5000,4.0000,1.5000,150,1045.99,18954.01,1345.99,25,0
,5.0000,3.0000,2.5000,4.0000,1.5000,150,1046.02,18953.98,1346.02,25,0
,5.0000,3.0000,2.5000,4.0000,1.5000,150,1046.05,18953.95,1346.05,25,0
,5.0000,3.0000,2.5000,4.0000,1.5000,150,1046.09,18953.91,1346.09,25,0
,7.0000,4.2000,3.5000,5.6000,2.1000,150,1046.12,18953.88,1346.12,25,0
,5.0000,3.0000,2.5000,4.0000,1.5000,150,1046.17,18953.83,1346.17,25,0
,5.0000,3.0000,2.5000,4.0000,1.5000,150,1046.20,18953.80,1346.20,25,0
,5.0000,3.0000,2.5000,4.0000,1.5000,150,1046.23,18953.77,1346.23,25,0
,5.0000,3.0000,2.5000,4.0000,1.5000,150,1046.27,18953.73,1346.27,25,0
,5.0000,3.0000,2.5000,4.0000,1.5000,150,1046.30,18953.70,1346.30,25,0
,5.0000,3.0000,2.5000,4.0000,1.5000,150,1046.33,18953.67,1346.33,25,0
,5.0000,3.0000,2.5000,4.0000,1.5000,150,1046.37,18953.63,1346.37,25,0
,5.0000,3.0000,2.5000,4.0000,1.5000,150,1046.40,18953.60,1346.40,25,0
,5.0000,3.0000,2.5000,4.0000,1.5000,150,1046.43,18953.57,1346.43,25,0
,7.0000,4.2000,3.5000,5.6000,2.1000,150,1046.47,18953.53,1346.47,25,0
,5.0000,3.0000,2.5000,4.0000,1.5000,150,1046.51,18953.49,1346.51,25,0
,5.0000,3.0000,2.5000,4.0000,1.5000,150,1046.55,18953.45,1346.55,25,0
,5.0000,3.0000,2.5000,4.0000,1.5000,150,1046.58,18953.42,1346.58,25,0
,5.0000,3.0000,2.5000,4.0000,1.5000,150,1046.61,18953.39,1346.61,25,0
,5.0000,3.0000,2.5000,4.0000,1.5000,150,1046.65,18953.35,1346.65,25,0
,5.0000,3.0000,2.5000,4.0000,1.5000,150,1046.68,18953.32,1346.68,25,0
,5.0000,3.0000,2.5000,4.0000,1.5000,150,1046.71,18953.29,1346.71,25,0
,5.0000,3.0000,2.5000,4.0000,1.5000,150,1046.75,18953.25,1346.75,25,0
,5.0000,3.0000,2.5000,4.0000,1.5000,150,1046.78,18953.22,1346.78,25,0
,7.0000,4.2000,3.5000,5.6000,2.1000,150,1046.81,18953.19,1346.81,25,0
,5.0000,3.0000,2.5000,4.0000,1.5000,150,1046.86,18953.14,1346.86,25,0
,5.0000,3.0000,2.5000,4.0000,1.5000,150,1046.89,18953.11,1346.89,25,0
,5.0000,3.0000,2.5000,4.0000,1.5000,150,1046.93,18953.07,1346.93,25,0
,5.0000,3.0000,2.5000,4.0000,1.5000,150,1046.96,18953.04,1346.96,25,0
,5.0000,3.0000,2.5000,4.0000,1.5000,150,1046.99,18953.01,1346.99,25,0
,5.0000,3.0000,2.5000,4.0000,1.5000,150,1047.03,18952.97,1347.03,25,0
,5.0000,3.0000,2.5000,4.0000,1.5000,150,1047.06,18952.94,1347.06,25,0
,5.0000,3.0000,2.5000,4.0000,1.5000,150,1047.09,18952.91,1347.09,25,0
,5.0000,3.0000,2.5000,4.0000,1.5000,150,1047.13,18952.87,1347.13,25,0
,7.0000,4.2000,3.5000,5.6000,2.1000,150,1047.16,18952.84,1347.16,25,0
,5.0000,3.0000,2.5000,4.0000,1.5000,150,1047.21,18952.79,1347.21,25,0
,5.0000,3.0000,2.5000,4.0000,1.5000,150,1047.24,18952.76,1347.24,25,0
,5.0000,3.0000,2.5000,4.0000,1.5000,150,1047.27,18952.73,1347.27,25,0
,5.0000,3.0000,2.5000,4.0000,1.5000,150,1047.31,18952.69,1347.31,25,0
,5.0000,3.0000,2.5000,4.0000,1.5000,150,1047.34,18952.66,1347.34,25,0
,5.0000,3.0000,2.5000,4.0000,1.5000,150,1047.37,18952.63,1347.37,25,0
,5.0000,3.0000,2.5000,4.0000,1.5000,150,1047.41,18952.59,1347.41,25,0
,5.0000,3.0000,2.5000,4.0000,1.5000,150,1047.44,18952.56,1347.44,25,0
,5.0000,3.0000,2.5000,4.0000,1.5000,150,1047.47,18952.53,1347.47,25,0
,7.0000,4.2000,3.5000,5.6000,2.1000,150,1047.51,18952.49,1347.51,25,0
,5.0000,3.0000,2.5000,4.0000,1.5000,150,1047.55,18952.45,1347.55,25,0
,5.0000,3.0000,2.5000,4.0000,1.5000,150,1047.59,18952.41,1347.59,25,0
,5.0000,3.0000,2.5000,4.0000,1.5000,150,1047.62,18952.38,1347.62,25,0
,5.0000,3.0000,2.5000,4.0000,1.5000,150,1047.65,18952.35,1347.65,25,0
,5.0000,3.0000,2.5000,4.0000,1.5000,150,1047.69,18952.31,1347.69,25,0
,5.0000,3.0000,2.5000,4.0000,1.5000,150,1047.72,18952.28,1347.72,25,0
,5.0000,3.0000,2.5000,4.0000,1.5000,150,1047.75,18952.25,1347.75,25,0
,5.0000,3.0000,2.5000,4.0000,1.5000,150,1047.79,18952.21,1347.79,25,0
,5.0000,3.0000,2.5000,4.0000,1.5000,150,1047.82,18952.18,1347.82,25,0
,7.0000,4.2000,3.5000,5.6000,2.1000,150,1047.85,18952.15,1347.85,25,0
,5.0000,3.0000,2.5000,4.0000,1.5000,150,1047.90,18952.10,1347.90,25,0
,5.0000,3.0000,2.5000,4.0000,1.5000,150,1047.93,18952.07,1347.93,25,0
,5.0000,3.0000,2.5000,4.0000,1.5000,150,1047.97,18952.03,1347.97,25,0
,5.0000,3.0000,2.5000,4.0000,1.5000,150,1048.00,18952.00,1348.00,25,0
,5.0000,3.0000,2.5000,4.0000,1.5000,150,1048.03,18951.97,1348.03,25,0
,5.0000,3.0000,2.5000,4.0000,1.5000,150,1048.07,18951.93,1348.07,25,0
,5.0000,3.0000,2.5000,4.0000,1.5000,150,1048.10,18951.90,1348.10,25,0
,5.0000,3.0000,2.5000,4.0000,1.5000,150,1048.13,18951.87,1348.13,25,0
,5.0000,3.0000,2.5000,4.0000,1.5000,150,1048.17,18951.83,1348.17,25,0
,7.0000,4.2000,3.5000,5.6000,2.1000,150,1048.20,18951.80,1348.20,25,0
,5.0000,3.0000,2.5000,4.0000,1.5000,150,1048.25,18951.75,1348.25,25,0
,5.0000,3.0000,2.5000,4.0000,1.5000,150,1048.28,18951.72,1348.28,25,0
,5.0000,3.0000,2.5000,4.0000,1.5000,150,1048.31,18951.69,1348.31,25,0
,5.0000,3.0000,2.5000,4.0000,1.5000,150,1048.35,18951.65,1348.35,25,0
,5.0000,3.0000,2.5000,4.0000,1.5000,150,1048.38,18951.62,1348.38,25,0
,5.0000,3.0000,2.5000,4.0000,1.5000,150,1048.41,18951.59,1348.41,25,0
,5.0000,3.0000,2.5000,4.0000,1.5000,150,1048.45,18951.55,1348.45,25,0
,5.0000,3.0000,2.5000,4.0000,1.5000,150,1048.48,18951.52,1348.48,25,0
,5.0000,3.0000,2.5000,4.0000,1.5000,150,1048.51,18951.49,1348.51,25,0
,7.0000,4.2000,3.5000,5.6000,2.1000,150,1048.55,18951.45,1348.55,25,0
,5.0000,3.0000,2.5000,4.0000,1.5000,150,1048.59,18951.41,1348.59,25,0
,5.0000,3.0000,2.5000,4.0000,1.5000,150,1048.63,18951.37,1348.63,25,0
,5.0000,3.0000,2.5000,4.0000,1.5000,150,1048.66,18951.34,1348.66,25,0
,5.0000,3.0000,2.5000,4.0000,1.5000,150,1048.69,18951.31,1348.69,25,0
,5.0000,3.0000,2.5000,4.0000,1.5000,150,1048.73,18951.27,1348.73,25,0
,5.0000,3.0000,2.5000,4.0000,1.5000,150,1048.76,18951.24,1348.76,25,0
,5.0000,3.0000,2.5000,4.0000,1.5000,150,1048.79,18951.21,1348.79,25,0
,5.0000,3.0000,2.5000,4.0000,1.5000,150,1048.83,18951.17,1348.83,25,0
,5.0000,3.0000,2.5000,4.0000,1.5000,150,1048.86,18951.14,1348.86,25,0
,7.0000,4.2000,3.5000,5.6000,2.1000,150,1048.89,18951.11,1348.89,25,0
,5.0000,3.0000,2.5000,4.0000,1.5000,150,1048.94,18951.06,1348.94,25,0
,5.0000,3.0000,2.5000,4.0000,1.5000,150,1048.97,18951.03,1348.97,25,0
,5.0000,3.0000,2.5000,4.0000,1.5000,150,1049.01,18950.99,1349.01,25,0
,5.0000,3.0000,2.5000,4.0000,1.5000,150,1049.04,18950.96,1349.04,25,0
,5.0000,3.0000,2.5000,4.0000,1.5000,150,1049.07,18950.93,1349.07,25,0
,5.0000,3.0000,2.5000,4.0000,1.5000,150,1049.11,18950.89,1349.11,25,0
,5.0000,3.0000,2.5000,4.0000,1.5000,150,1049.14,18950.86,1349.14,25,0
,5.0000,3.0000,2.5000,4.0000,1.5000,150,1049.17,18950.83,1349.17,25,0
,5.0000,3.0000,2.5000,4.0000,1.5000,150,1049.21,18950.79,1349.21,25,0
,7.0000,4.2000,3.5000,5.6000,2.1000,150,1049.24,18950.76,1349.24,25,0
,5.0000,3.0000,2.5000,4.0000,1.5000,150,1049.29,18950.71,1349.29,25,0
,5.0000,3.0000,2.5000,4.0000,1.5000,150,1049.32,18950.68,1349.32,25,0
,5.0000,3.0000,2.5000,4.0000,1.5000,150,1049.35,18950.65,1349.35,25,0
,5.0000,3.0000,2.5000,4.0000,1.5000,150,1049.39,18950.61,1349.39,25,0
,5.0000,3.0000,2.5000,4.0000,1.5000,150,1049.42,18950.58,1349.42,25,0
,5.0000,3.0000,2.5000,4.0000,1.5000,150,1049.45,18950.55,1349.45,25,0
,5.0000,3.0000,2.5000,4.0000,1.5000,150,1049.49,18950.51,1349.49,25,0
,5.0000,3.0000,2.5000,4.0000,1.5000,150,1049.52,18950.48,1349.52,25,0
,5.0000,3.0000,2.5000,4.0000,1.5000,150,1049.55,18950.45,1349.55,25,0
,7.0000,4.2000,3.5000,5.6000,2.1000,150,1049.59,18950.41,1349.59,25,0
,5.0000,3.0000,2.5000,4.0000,1.5000,150,1049.63,18950.37,1349.63,25,0
,5.0000,3.0000,2.5000,4.0000,1.5000,150,1049.67,18950.33,1349.67,25,0
,5.0000,3.0000,2.5000,4.0000,1.5000,150,1049.70,18950.30,1349.70,25,0
,5.0000,3.0000,2.5000,4.0000,1.5000,150,1049.73,18950.27,1349.73,25,0
,5.0000,3.0000,2.5000,4.0000,1.5000,150,1049.77,18950.23,1349.77,25,0
,5.0000,3.0000,2.5000,4.0000,1.5000,150,1049.80,18950.20,1349.80,25,0
,5.0000,3.0000,2.5000,4.0000,1.5000,150,1049.83,18950.17,1349.83,25,0
,5.0000,3.0000,2.5000,4.0000,1.5000,150,1049.87,18950.13,1349.87,25,0
,5.0000,3.0000,2.5000,4.0000,1.5000,150,1049.90,18950.10,1349.90,25,0
,7.0000,4.2000,3.5000,5.6000,2.1000,150,1049.93,18950.07,1349.93,25,0
Cmd: csvprofile stop##7.497000,5.0000,3.0000,2.5000,4.0000,1.5000,150,1049.98,18950.02,1349.98,25,0
EVENTS,FrameTime,GameThreadTime,RenderThreadTime,GPUTime,RHIThreadTime,RHI/DrawCalls,PhysicalUsedMB,MemoryFreeMB,VirtualUsedMB,ActorCount/TotalActorCount,PSO/PSOMissesOnHitch
[HasHeaderRowAtEnd],1,[EventTimestamps],1,[platform],Windows,[config],Development,[engineversion],5.8.3-58210709+++UE5+Release-5.8,[enginereleaseversion],5.8.3,[cpu],AuthenticAMD|AMD Ryzen 9 9900X 12-Core Processor,[systemresolution.resx],1920,[systemresolution.resy],1080,[rhiname],D3D12,[rhifeaturelevel],SM6,[gpu],NVIDIA GeForce RTX 5080,[gpudriver],610.88,[deviceprofile],WindowsEditor,[vsyncenabled],0,[captureduration],7.502000,[commandline]," TeddyBlueprint.uproject /Game/Maps/TeddyEncounter -game -windowed -ResX=1920 -ResY=1080"
